diameter_um,realised_percent,envelope_low_percent,envelope_high_percent
100.00000000,0.09799260,0.01659646,0.13579848
100.00100083,0.09698754,0.01559222,0.13479304
100.00200167,0.09598979,0.01459528,0.13379491
100.00300250,0.09498477,0.01359108,0.13278952
100.00400334,0.09397978,0.01258690,0.13178414
100.00500417,0.09298209,0.01159002,0.13078607
100.00600500,0.09197713,0.01058588,0.12978074
100.00700584,0.09097948,0.00958904,0.12878271
100.00800667,0.08997456,0.00858494,0.12777741
100.00900751,0.08897695,0.00758814,0.12677942
100.01000834,0.08797207,0.00658408,0.12577417
100.01100917,0.08697450,0.00558732,0.12477622
100.01201001,0.08596967,0.00458330,0.12377100
100.01301084,0.08496485,0.00357931,0.12276581
100.01401168,0.08396734,0.00258260,0.12176792
100.01501251,0.08296256,0.00157865,0.12076276
100.01601334,0.08196509,0.00058198,0.11976491
100.01701418,0.08096036,-0.00042193,0.11875980
100.01801501,0.07996292,-0.00141856,0.11776199
100.01901585,0.07895823,-0.00242243,0.11675692
100.02001668,0.07796083,-0.00341902,0.11575915
100.02101751,0.07695618,-0.00442285,0.11475411
100.02201835,0.07595155,-0.00542667,0.11374910
100.02301918,0.07495421,-0.00642319,0.11275139
100.02402002,0.07394962,-0.00742697,0.11174642
100.02502085,0.07295233,-0.00842345,0.11074875
100.02602168,0.07194777,-0.00942719,0.10974381
100.02702252,0.07095052,-0.01042363,0.10874618
100.02802335,0.06994601,-0.01142733,0.10774129
100.02902419,0.06894879,-0.01242373,0.10674370
100.03002502,0.06794432,-0.01342739,0.10573885
100.03102585,0.06693987,-0.01443102,0.10473402
100.03202669,0.06594271,-0.01542737,0.10373648
100.03302752,0.06493830,-0.01643096,0.10273169
100.03402836,0.06394119,-0.01742726,0.10173420
100.03502919,0.06293681,-0.01843082,0.10072945
100.03603003,0.06193974,-0.01942708,0.09973200
100.03703086,0.06093541,-0.02043060,0.09872729
100.03803169,0.05993837,-0.02142682,0.09772988
100.03903253,0.05893408,-0.02243030,0.09672521
100.04003336,0.05793709,-0.02342648,0.09572783
100.04103420,0.05693283,-0.02442992,0.09472320
100.04203503,0.05592860,-0.02543333,0.09371859
100.04303586,0.05493167,-0.02642946,0.09272128
100.04403670,0.05392748,-0.02743283,0.09171671
100.04503753,0.05293058,-0.02842892,0.09071944
100.04603837,0.05192643,-0.02943225,0.08971491
100.04703920,0.05092958,-0.03042829,0.08871768
100.04804003,0.04992546,-0.03143159,0.08771319
100.04904087,0.04892865,-0.03242759,0.08671600
100.05004170,0.04792458,-0.03343085,0.08571155
100.05104254,0.04692053,-0.03443408,0.08470712
100.05204337,0.04592377,-0.03543003,0.08370998
100.05304420,0.04491976,-0.03643322,0.08270559
100.05404504,0.04392305,-0.03742913,0.08170850
100.05504587,0.04291908,-0.03843228,0.08070415
100.05604671,0.04192240,-0.03942815,0.07970710
100.05704754,0.04091847,-0.04043126,0.07870279
100.05804837,0.03992183,-0.04142708,0.07770578
100.05904921,0.03891794,-0.04243016,0.07670151
100.06005004,0.03791407,-0.04343321,0.07569726
100.06105088,0.03691750,-0.04442898,0.07470031
100.06205171,0.03591367,-0.04543199,0.07369610
100.06305254,0.03491713,-0.04642772,0.07269919
100.06405338,0.03391334,-0.04743069,0.07169502
100.06505421,0.03291685,-0.04842638,0.07069815
100.06605505,0.03191310,-0.04942931,0.06969402
100.06705588,0.03091664,-0.05042495,0.06869718
100.06805671,0.02991293,-0.05142785,0.06769310
100.06905755,0.02890924,-0.05243072,0.06668903
100.07005838,0.02791285,-0.05342631,0.06569225
100.07105922,0.02690920,-0.05442914,0.06468823
100.07206005,0.02591284,-0.05542469,0.06369149
100.07306088,0.02490923,-0.05642748,0.06268751
100.07406172,0.02391291,-0.05742299,0.06169081
100.07506255,0.02290935,-0.05842574,0.06068686
100.07606339,0.02191307,-0.05942121,0.05969021
100.07706422,0.02090954,-0.06042392,0.05868630
100.07806505,0.01990603,-0.06142661,0.05768242
100.07906589,0.01890981,-0.06242202,0.05668582
100.08006672,0.01790635,-0.06342467,0.05568198
100.08106756,0.01691017,-0.06442004,0.05468542
100.08206839,0.01590674,-0.06542265,0.05368161
100.08306922,0.01491060,-0.06641798,0.05268510
100.08407006,0.01390721,-0.06742055,0.05168133
100.08507089,0.01291112,-0.06841584,0.05068486
100.08607173,0.01190777,-0.06941837,0.04968113
100.08707256,0.01090444,-0.07042088,0.04867743
100.08807339,0.00990840,-0.07141611,0.04768101
100.08907423,0.00890512,-0.07241858,0.04667735
100.09007506,0.00790912,-0.07341377,0.04568097
100.09107590,0.00690587,-0.07441620,0.04467734
100.09207673,0.00590991,-0.07541135,0.04368101
100.09307756,0.00490670,-0.07641374,0.04267742
100.09407840,0.00391079,-0.07740885,0.04168113
100.09507923,0.00290762,-0.07841120,0.04067758
100.09608007,0.00191174,-0.07940627,0.03968133
100.09708090,0.00090861,-0.08040858,0.03867782
100.09808173,-0.00009449,-0.08141087,0.03767434
100.09908257,-0.00109031,-0.08240588,0.03667814
100.10008340,-0.00209338,-0.08340813,0.03567469
100.10108424,-0.00308916,-0.08440310,0.03467854
100.10208507,-0.00409219,-0.08540531,0.03367513
100.10308590,-0.00508793,-0.08640024,0.03267902
100.10408674,-0.00609091,-0.08740242,0.03167565
100.10508757,-0.00708661,-0.08839730,0.03067958
100.10608841,-0.00808956,-0.08939944,0.02967625
100.10708924,-0.00909249,-0.09040155,0.02867295
100.10809008,-0.01008813,-0.09139638,0.02767693
100.10909091,-0.01109101,-0.09239845,0.02667367
100.11009174,-0.01208661,-0.09339324,0.02567769
100.11109258,-0.01308946,-0.09439527,0.02467446
100.11209341,-0.01408502,-0.09539002,0.02367853
100.11309425,-0.01508782,-0.09639201,0.02267534
100.11409508,-0.01608334,-0.09738672,0.02167945
100.11509591,-0.01708611,-0.09838867,0.02067630
100.11609675,-0.01808886,-0.09939060,0.01967318
100.11709758,-0.01908432,-0.10038525,0.01867734
100.11809842,-0.02008702,-0.10138715,0.01767426
100.11909925,-0.02108244,-0.10238176,0.01667846
100.12010008,-0.02208511,-0.10338361,0.01567541
100.12110092,-0.02308049,-0.10437818,0.01467966
100.12210175,-0.02408312,-0.10537999,0.01367665
100.12310259,-0.02507846,-0.10637452,0.01268094
100.12410342,-0.02608104,-0.10737629,0.01167797
100.12510425,-0.02708361,-0.10837804,0.01067503
100.12610509,-0.02807889,-0.10937251,0.00967937
100.12710592,-0.02908142,-0.11037423,0.00867646
100.12810676,-0.03007666,-0.11136866,0.00768085
100.12910759,-0.03107914,-0.11237033,0.00667798
100.13010842,-0.03207435,-0.11336472,0.00568241
100.13110926,-0.03307679,-0.11436635,0.00467958
100.13211009,-0.03407195,-0.11536070,0.00368404
100.13311093,-0.03507436,-0.11636229,0.00268126
100.13411176,-0.03607675,-0.11736386,0.00167850
100.13511259,-0.03707185,-0.11835816,0.00068302
100.13611343,0.20002030,0.11873481,0.23777479
100.13711426,0.19902287,0.11773818,0.23677698
100.13811510,0.19801818,0.11673431,0.23577191
100.13911593,0.19702078,0.11573772,0.23477414
100.14011676,0.19601613,0.11473388,0.23376911
100.14111760,0.19501878,0.11373734,0.23277138
100.14211843,0.19401417,0.11273354,0.23176639
100.14311927,0.19300957,0.11172977,0.23076142
100.14412010,0.19201228,0.11073328,0.22976375
100.14512093,0.19100773,0.10972954,0.22875882
100.14612177,0.19001048,0.10873310,0.22776119
100.14712260,0.18900596,0.10772940,0.22675630
100.14812344,0.18800875,0.10673300,0.22575871
100.14912427,0.18700428,0.10572934,0.22475386
100.15012510,0.18600710,0.10473298,0.22375631
100.15112594,0.18500267,0.10372936,0.22275150
100.15212677,0.18400554,0.10273304,0.22175399
100.15312761,0.18300115,0.10172946,0.22074922
100.15412844,0.18199678,0.10072590,0.21974447
100.15512927,0.18099970,0.09972964,0.21874702
100.15613011,0.17999537,0.09872612,0.21774231
100.15713094,0.17899834,0.09772990,0.21674490
100.15813178,0.17799405,0.09672642,0.21574023
100.15913261,0.17699705,0.09573023,0.21474286
100.16013344,0.17599280,0.09472680,0.21373823
100.16113428,0.17499585,0.09373065,0.21274090
100.16213511,0.17399164,0.09272726,0.21173631
100.16313595,0.17298744,0.09172388,0.21073174
100.16413678,0.17199055,0.09072779,0.20973447
100.16513761,0.17098640,0.08972446,0.20872995
100.16613845,0.16998955,0.08872841,0.20773272
100.16713928,0.16898543,0.08772512,0.20672823
100.16814012,0.16798862,0.08672911,0.20573104
100.16914095,0.16698455,0.08572585,0.20472659
100.17014178,0.16598777,0.08472989,0.20372944
100.17114262,0.16498374,0.08372667,0.20272503
100.17214345,0.16397973,0.08272348,0.20172064
100.17314429,0.16298302,0.08172757,0.20072355
100.17414512,0.16197905,0.08072441,0.19971920
100.17514595,0.16098237,0.07972855,0.19872215
100.17614679,0.15997844,0.07872543,0.19771784
100.17714762,0.15898181,0.07772960,0.19672083
100.17814846,0.15797792,0.07672653,0.19571656
100.17914929,0.15698132,0.07573074,0.19471959
100.18015013,0.15597747,0.07472771,0.19371536
100.18115096,0.15497364,0.07372469,0.19271115
100.18215179,0.15397711,0.07272896,0.19171424
100.18315263,0.15297332,0.07172599,0.19071008
100.18415346,0.15197682,0.07073030,0.18971320
100.18515430,0.15097307,0.06972736,0.18870908
100.18615513,0.14997661,0.06873172,0.18771224
100.18715596,0.14897291,0.06772882,0.18670816
100.18815680,0.14797649,0.06673321,0.18571137
100.18915763,0.14697282,0.06573036,0.18470732
100.19015847,0.14596917,0.06472752,0.18370329
100.19115930,0.14497281,0.06373197,0.18270656
100.19216013,0.14396920,0.06272918,0.18170257
100.19316097,0.14297289,0.06173367,0.18070588
100.19416180,0.14196932,0.06073092,0.17970193
100.19516264,0.14097304,0.05973545,0.17870528
100.19616347,0.13996951,0.05873273,0.17770137
100.19716430,0.13897328,0.05773730,0.17670476
100.19816514,0.13796979,0.05673463,0.17570089
100.19916597,0.13696632,0.05573197,0.17469704
100.20016681,0.13597014,0.05473660,0.17370049
100.20116764,0.13496671,0.05373399,0.17269669
100.20216847,0.13397057,0.05273866,0.17170017
100.20316931,0.13296718,0.05173609,0.17069641
100.20417014,0.13197109,0.05074080,0.16969993
100.20517098,0.13096774,0.04973826,0.16869621
100.20617181,0.12997168,0.04874301,0.16769977
100.20717264,0.12896837,0.04774052,0.16669609
100.20817348,0.12797235,0.04674531,0.16569969
100.20917431,0.12696908,0.04574285,0.16469605
100.21017515,0.12596584,0.04474042,0.16369242
100.21117598,0.12496988,0.04374527,0.16269608
100.21217681,0.12396667,0.04274287,0.16169250
100.21317765,0.12297075,0.04174776,0.16069620
100.21417848,0.12196758,0.04074541,0.15969266
100.21517932,0.12097170,0.03975033,0.15869640
100.21618015,0.11996857,0.03874802,0.15769290
100.21718098,0.11897274,0.03775299,0.15669668
100.21818182,0.11796965,0.03675071,0.15569322
100.21918265,0.11696658,0.03574846,0.15468977
100.22018349,0.11597080,0.03475349,0.15369362
100.22118432,0.11496777,0.03375127,0.15269021
100.22218515,0.11397203,0.03275634,0.15169410
100.22318599,0.11296904,0.03175417,0.15069073
100.22418682,0.11197334,0.03075927,0.14969465
100.22518766,0.11097040,0.02975714,0.14869133
100.22618849,0.10997474,0.02876229,0.14769529
100.22718932,0.10897183,0.02776019,0.14669201
100.22819016,0.10796894,0.02675812,0.14568874
100.22919099,0.10697334,0.02576333,0.14469277
100.23019183,0.10597049,0.02476129,0.14368954
100.23119266,0.10497493,0.02376654,0.14269360
100.23219349,0.10397212,0.02276454,0.14169042
100.23319433,0.10297660,0.02176983,0.14069452
100.23419516,0.10197383,0.02076788,0.13969138
100.23519600,0.10097835,0.01977320,0.13869552
100.23619683,0.09997562,0.01877129,0.13769241
100.23719766,0.09897292,0.01776940,0.13668933
100.23819850,0.09797750,0.01677478,0.13569353
100.23919933,0.09697483,0.01577293,0.13469049
100.24020017,0.09597945,0.01477835,0.13369473
100.24120100,0.09497682,0.01377654,0.13269173
100.24220183,0.09398148,0.01278200,0.13169601
100.24320267,0.09297889,0.01178023,0.13069304
100.24420350,0.09198359,0.01078573,0.12969737
100.24520434,0.09098104,0.00978400,0.12869444
100.24620517,0.08997851,0.00878229,0.12769153
100.24720601,0.08898327,0.00778785,0.12669592
100.24820684,0.08798078,0.00678618,0.12569305
100.24920767,0.08698558,0.00579178,0.12469747
100.25020851,0.08598313,0.00479015,0.12369465
100.25120934,0.08498797,0.00379579,0.12269911
100.25221018,0.08398556,0.00279420,0.12169633
100.25321101,0.08299044,0.00179988,0.12070083
100.25421184,0.08198807,0.00079833,0.11969808
100.25521268,0.08098572,-0.00020321,0.11869536
100.25621351,0.07999066,-0.00119746,0.11769992
100.25721435,0.07898835,-0.00219896,0.11669723
100.25821518,0.07799333,-0.00319318,0.11570183
100.25921601,0.07699106,-0.00419463,0.11469919
100.26021685,0.07599608,-0.00518881,0.11370383
100.26121768,0.07499385,-0.00619022,0.11270122
100.26221852,0.07399890,-0.00718436,0.11170591
100.26321935,0.07299672,-0.00818573,0.11070334
100.26422018,0.07200181,-0.00917983,0.10970806
100.26522102,0.07099966,-0.01018117,0.10870554
100.26622185,0.06999754,-0.01118248,0.10770303
100.26722269,0.06900269,-0.01217652,0.10670781
100.26822352,0.06800060,-0.01317779,0.10570535
100.26922435,0.06700580,-0.01417179,0.10471017
100.27022519,0.06600375,-0.01517303,0.10370774
100.27122602,0.06500898,-0.01616698,0.10271260
100.27222686,0.06400698,-0.01716818,0.10171021
100.27322769,0.06301225,-0.01816210,0.10071511
100.27422852,0.06201028,-0.01916325,0.09971277
100.27522936,0.06100834,-0.02016439,0.09871044
100.27623019,0.06001367,-0.02115825,0.09771540
100.27723103,0.05901176,-0.02215934,0.09671312
100.27823186,0.05801714,-0.02315316,0.09571812
100.27923269,0.05701527,-0.02415422,0.09471587
100.28023353,0.05602068,-0.02514800,0.09372091
100.28123436,0.05501885,-0.02614901,0.09271870
100.28223520,0.05402431,-0.02714275,0.09172378
100.28323603,0.05302252,-0.02814373,0.09072162
100.28423686,0.05202075,-0.02914468,0.08971947
100.28523770,0.05102626,-0.03013836,0.08872461
100.28623853,0.05002454,-0.03113928,0.08772251
100.28723937,0.04903009,-0.03213292,0.08672768
100.28824020,0.04802840,-0.03313379,0.08572562
100.28924103,0.04703399,-0.03412740,0.08473083
100.29024187,0.04603235,-0.03512823,0.08372881
100.29124270,0.04503798,-0.03612179,0.08273407
100.29224354,0.04403637,-0.03712259,0.08173208
100.29324437,0.04303478,-0.03812336,0.08073012
100.29424520,0.04204047,-0.03911686,0.07973543
100.29524604,0.04103893,-0.04011760,0.07873351
100.29624687,0.04004466,-0.04111106,0.07773886
100.29724771,0.03904315,-0.04211176,0.07673698
100.29824854,0.03804892,-0.04310518,0.07574237
100.29924937,0.03704745,-0.04410584,0.07474053
100.30025021,0.03605326,-0.04509922,0.07374596
100.30125104,0.03505183,-0.04609983,0.07274416
100.30225188,0.03405043,-0.04710043,0.07174238
100.30325271,0.03305629,-0.04809375,0.07074787
100.30425354,0.03205493,-0.04909431,0.06974613
100.30525438,0.03106084,-0.05008759,0.06875166
100.30625521,0.03005951,-0.05108811,0.06774996
100.30725605,0.02906546,-0.05208135,0.06675553
100.30825688,0.02806417,-0.05308183,0.06575386
100.30925771,0.02707016,-0.05407503,0.06475948
100.31025855,0.02606891,-0.05507547,0.06375785
100.31125938,0.02506768,-0.05607588,0.06275625
100.31226022,0.02407373,-0.05706903,0.06176192
100.31326105,0.02307254,-0.05806941,0.06076036
100.31426188,0.02207863,-0.05906251,0.05976607
100.31526272,0.02107748,-0.06006285,0.05876454
100.31626355,0.02008361,-0.06105591,0.05777030
100.31726439,0.01908250,-0.06205621,0.05676881
100.31826522,0.01808867,-0.06304924,0.05577460
100.31926606,0.01708760,-0.06404949,0.05477316
100.32026689,0.01609381,-0.06504248,0.05377899
100.32126772,0.01509278,-0.06604270,0.05277759
100.32226856,0.01409177,-0.06704289,0.05177620
100.32326939,0.01309804,-0.06803582,0.05078209
100.32427023,0.01209707,-0.06903598,0.04978075
100.32527106,0.01110338,-0.07002886,0.04878668
100.32627189,0.01010245,-0.07102898,0.04778537
100.32727273,0.00910879,-0.07202183,0.04679134
100.32827356,0.00810790,-0.07302191,0.04579008
100.32927440,0.00711429,-0.07401471,0.04479609
100.33027523,0.00611344,-0.07501475,0.04379486
100.33127606,0.00511261,-0.07601477,0.04279366
100.33227690,0.00411906,-0.07700752,0.04179973
100.33327773,0.00311827,-0.07800749,0.04079856
100.33427857,0.00212475,-0.07900020,0.03980467
100.33527940,0.00112400,-0.08000014,0.03880355
100.33628023,0.00013053,-0.08099281,0.03780970
100.33728107,-0.00087018,-0.08199271,0.03680861
100.33828190,-0.00186362,-0.08298534,0.03581480
100.33928274,-0.00286429,-0.08398519,0.03481376
100.34028357,-0.00386493,-0.08498503,0.03381273
100.34128440,-0.00485831,-0.08597760,0.03281898
100.34228524,-0.00585892,-0.08697740,0.03181799
100.34328607,-0.00685226,-0.08796993,0.03082428
100.34428691,-0.00785283,-0.08896969,0.02982334
100.34528774,-0.00884612,-0.08996218,0.02882966
100.34628857,-0.00984665,-0.09096190,0.02782876
100.34728941,-0.01083991,-0.09195435,0.02683512
100.34829024,-0.01184040,-0.09295403,0.02583426
100.34929108,-0.01284087,-0.09395368,0.02483341
100.35029191,-0.01383407,-0.09494608,0.02383984
100.35129274,-0.01483450,-0.09594569,0.02283903
100.35229358,-0.01582766,-0.09693805,0.02184550
100.35329441,-0.01682804,-0.09793763,0.02084473
100.35429525,-0.01782116,-0.09892994,0.01985124
100.35529608,-0.01882151,-0.09992948,0.01885051
100.35629691,-0.01981459,-0.10092175,0.01785706
100.35729775,-0.02081490,-0.10192125,0.01685637
100.35829858,-0.02181519,-0.10292073,0.01585571
100.35929942,-0.02280821,-0.10391294,0.01486231
100.36030025,-0.02380846,-0.10491238,0.01386169
100.36130108,-0.02480144,-0.10590456,0.01286833
100.36230192,-0.02580165,-0.10690395,0.01186775
100.36330275,-0.02679459,-0.10789609,0.01087443
100.36430359,-0.02779476,-0.10889545,0.00987388
100.36530442,-0.02878767,-0.10988754,0.00888061
100.36630525,-0.02978780,-0.11088686,0.00788010
100.36730609,-0.03078791,-0.11188616,0.00687961
100.36830692,-0.03178075,-0.11287820,0.00588640
100.36930776,-0.03278082,-0.11387746,0.00488595
100.37030859,-0.03377362,-0.11486945,0.00389277
100.37130942,-0.03477365,-0.11586867,0.00289237
100.37231026,-0.03576641,-0.11686063,0.00189923
100.37331109,-0.03676640,-0.11785981,0.00089886
100.37431193,0.19977036,0.11867776,0.23743525
100.37531276,0.19876803,0.11767624,0.23643255
100.37631359,0.19777299,0.11668200,0.23543713
100.37731443,0.19677070,0.11568053,0.23443447
100.37831526,0.19576844,0.11467907,0.23343182
100.37931610,0.19477345,0.11368490,0.23243647
100.38031693,0.19377123,0.11268348,0.23143386
100.38131776,0.19277628,0.11168934,0.23043855
100.38231860,0.19177410,0.11068797,0.22943598
100.38331943,0.19077919,0.10969387,0.22844070
100.38432027,0.18977705,0.10869253,0.22743818
100.38532110,0.18878218,0.10769847,0.22644294
100.38632193,0.18778007,0.10669718,0.22544046
100.38732277,0.18677799,0.10569590,0.22443800
100.38832360,0.18578318,0.10470190,0.22344282
100.38932444,0.18478114,0.10370067,0.22244040
100.39032527,0.18378637,0.10270671,0.22144526
100.39132611,0.18278437,0.10170551,0.22044287
100.39232694,0.18178964,0.10071159,0.21944777
100.39332777,0.18078767,0.09971044,0.21844543
100.39432861,0.17979299,0.09871655,0.21745037
100.39532944,0.17879106,0.09771544,0.21644807
100.39633028,0.17778915,0.09671434,0.21544578
100.39733111,0.17679453,0.09572052,0.21445078
100.39833194,0.17579266,0.09471947,0.21344854
100.39933278,0.17479807,0.09372568,0.21245358
100.40033361,0.17379625,0.09272467,0.21145138
100.40133445,0.17280170,0.09173093,0.21045646
100.40233528,0.17179991,0.09072995,0.20945429
100.40333611,0.17080541,0.08973625,0.20845941
100.40433695,0.16980366,0.08873531,0.20745729
100.40533778,0.16880193,0.08773440,0.20645518
100.40633862,0.16780749,0.08674075,0.20546036
100.40733945,0.16680580,0.08573988,0.20445830
100.40834028,0.16581139,0.08474627,0.20346352
100.40934112,0.16480974,0.08374544,0.20246149
100.41034195,0.16381537,0.08275187,0.20146675
100.41134279,0.16281377,0.08175108,0.20046477
100.41234362,0.16181944,0.08075755,0.19947007
100.41334445,0.16081787,0.07975680,0.19846812
100.41434529,0.15981632,0.07875606,0.19746620
100.41534612,0.15882205,0.07776259,0.19647155
100.41634696,0.15782055,0.07676190,0.19546967
100.41734779,0.15682632,0.07576847,0.19447507
100.41834862,0.15582485,0.07476782,0.19347322
100.41934946,0.15483066,0.07377443,0.19247866
100.42035029,0.15382923,0.07277381,0.19147686
100.42135113,0.15283508,0.07178047,0.19048233
100.42235196,0.15183369,0.07077989,0.18948057
100.42335279,0.15083233,0.06977933,0.18847882
100.42435363,0.14983824,0.06878605,0.18748436
100.42535446,0.14883691,0.06778553,0.18648266
100.42635530,0.14784286,0.06679228,0.18548823
100.42735613,0.14684157,0.06579180,0.18448657
100.42835696,0.14584756,0.06479860,0.18349218
100.42935780,0.14484631,0.06379816,0.18249056
100.43035863,0.14385234,0.06280499,0.18149621
100.43135947,0.14285113,0.06180459,0.18049463
100.43236030,0.14185720,0.06081147,0.17950032
100.43336113,0.14085603,0.05981111,0.17849878
100.43436197,0.13985488,0.05881077,0.17749725
100.43536280,0.13886101,0.05781770,0.17650300
100.43636364,0.13785990,0.05681740,0.17550152
100.43736447,0.13686607,0.05582437,0.17450731
100.43836530,0.13586500,0.05482412,0.17350587
100.43936614,0.13487120,0.05383113,0.17251170
100.44036697,0.13387018,0.05283091,0.17151030
100.44136781,0.13287642,0.05183796,0.17051617
100.44236864,0.13187543,0.05083778,0.16951480
100.44336947,0.13087446,0.04983762,0.16851346
100.44437031,0.12988077,0.04884473,0.16751939
100.44537114,0.12887984,0.04784461,0.16651809
100.44637198,0.12788619,0.04685176,0.16552406
100.44737281,0.12688530,0.04585168,0.16452279
100.44837364,0.12589168,0.04485887,0.16352880
100.44937448,0.12489083,0.04385883,0.16252758
100.45037531,0.12389726,0.04286606,0.16153363
100.45137615,0.12289645,0.04186606,0.16053244
100.45237698,0.12189566,0.04086608,0.15953128
100.45337781,0.12090214,0.03987337,0.15853739
100.45437865,0.11990139,0.03887343,0.15753626
100.45537948,0.11890792,0.03788076,0.15654241
100.45638032,0.11790721,0.03688086,0.15554133
100.45738115,0.11691377,0.03588822,0.15454752
100.45838198,0.11591310,0.03488837,0.15354647
100.45938282,0.11491970,0.03389577,0.15255270
100.46038365,0.11391907,0.03289595,0.15155169
100.46138449,0.11291846,0.03189615,0.15055071
100.46238532,0.11192512,0.03090362,0.14955700
100.46338616,0.11092456,0.02990386,0.14855605
100.46438699,0.10993126,0.02891136,0.14756238
100.46538782,0.10893073,0.02791164,0.14656147
100.46638866,0.10793747,0.02691919,0.14556784
100.46738949,0.10693698,0.02591951,0.14456697
100.46839033,0.10594376,0.02492709,0.14357338
100.46939116,0.10494331,0.02392745,0.14257255
100.47039199,0.10394288,0.02292783,0.14157175
100.47139283,0.10294972,0.02193547,0.14057821
100.47239366,0.10194933,0.02093589,0.13957745
100.47339450,0.10095621,0.01994358,0.13858395
100.47439533,0.09995586,0.01894404,0.13758323
100.47539616,0.09896277,0.01795176,0.13658977
100.47639700,0.09796246,0.01695226,0.13558909
100.47739783,0.09696942,0.01596002,0.13459567
100.47839867,0.09596915,0.01496056,0.13359502
100.47939950,0.09496890,0.01396112,0.13259440
100.48040033,0.09397592,0.01296894,0.13160104
100.48140117,0.09297571,0.01196954,0.13060046
100.48240200,0.09198276,0.01097740,0.12960714
100.48340284,0.09098259,0.00997804,0.12860659
100.48440367,0.08998969,0.00898594,0.12761332
100.48540450,0.08898956,0.00798661,0.12661281
100.48640534,0.08799669,0.00699455,0.12561957
100.48740617,0.08699660,0.00599527,0.12461910
100.48840701,0.08600378,0.00500325,0.12362591
100.48940784,0.08500373,0.00400401,0.12262548
100.49040867,0.08400370,0.00300479,0.12162507
100.49140951,0.08301093,0.00201283,0.12063193
100.49241034,0.08201094,0.00101364,0.11963157
100.49341118,0.08101821,0.00002172,0.11863847
100.49441201,0.08001826,-0.00097742,0.11763814
100.49541284,0.07902558,-0.00196930,0.11664508
100.49641368,0.07802566,-0.00296841,0.11564479
100.49741451,0.07703302,-0.00396025,0.11465177
100.49841535,0.07603315,-0.00495931,0.11365153
100.49941618,0.07503329,-0.00595836,0.11265130
100.50041701,0.07404071,-0.00695014,0.11165834
100.50141785,0.07304089,-0.00794914,0.11065815
100.50241868,0.07204835,-0.00894089,0.10966523
100.50341952,0.07104857,-0.00993985,0.10866508
100.50442035,0.07005607,-0.01093156,0.10767220
100.50542118,0.06905633,-0.01193048,0.10667209
100.50642202,0.06806387,-0.01292214,0.10567925
100.50742285,0.06706417,-0.01392103,0.10467918
100.50842369,0.06606450,-0.01491989,0.10367913
100.50942452,0.06507209,-0.01591150,0.10268635
100.51042535,0.06407246,-0.01691032,0.10168634
100.51142619,0.06308009,-0.01790189,0.10069360
100.51242702,0.06208049,-0.01890067,0.09969363
100.51342786,0.06108816,-0.01989220,0.09870093
100.51442869,0.06008861,-0.02089094,0.09770100
100.51542952,0.05909632,-0.02188243,0.09670833
100.51643036,0.05809681,-0.02288114,0.09570844
100.51743119,0.05709731,-0.02387982,0.09470857
100.51843203,0.05610508,-0.02487125,0.09371597
100.51943286,0.05510563,-0.02586990,0.09271614
100.52043369,0.05411344,-0.02686128,0.09172358
100.52143453,0.05311402,-0.02785989,0.09072379
100.52243536,0.05212187,-0.02885124,0.08973126
100.52343620,0.05112249,-0.02984980,0.08873151
100.52443703,0.05013038,-0.03084111,0.08773902
100.52543786,0.04913105,-0.03183964,0.08673931
100.52643870,0.04813173,-0.03283815,0.08573962
100.52743953,0.04713968,-0.03382940,0.08474720
100.52844037,0.04614040,-0.03482786,0.08374755
100.52944120,0.04514839,-0.03581907,0.08275516
100.53044204,0.04414915,-0.03681750,0.08175555
100.53144287,0.04315718,-0.03780867,0.08076320
100.53244370,0.04215799,-0.03880706,0.07976363
100.53344454,0.04116605,-0.03979819,0.07877132
100.53444537,0.04016689,-0.04079654,0.07777179
100.53544621,0.03916776,-0.04179486,0.07677228
100.53644704,0.03817588,-0.04278594,0.07578003
100.53744787,0.03717679,-0.04378422,0.07478056
100.53844871,0.03618495,-0.04477526,0.07378835
100.53944954,0.03518590,-0.04577351,0.07278892
100.54045038,0.03419410,-0.04676450,0.07179675
100.54145121,0.03319508,-0.04776271,0.07079736
100.54245204,0.03220332,-0.04875366,0.06980523
100.54345288,0.03120435,-0.04975183,0.06880588
100.54445371,0.03021263,-0.05074275,0.06781379
100.54545455,0.02921369,-0.05174087,0.06681447
100.54645538,0.02821478,-0.05273898,0.06581518
100.54745621,0.02722312,-0.05372984,0.06482315
100.54845705,0.02622424,-0.05472791,0.06382390
100.54945788,0.02523262,-0.05571872,0.06283191
100.55045872,0.02423378,-0.05671675,0.06183269
100.55145955,0.02324221,-0.05770753,0.06084074
100.55246038,0.02224341,-0.05870552,0.05984157
100.55346122,0.02125187,-0.05969626,0.05884966
100.55446205,0.02025311,-0.06069421,0.05785052
100.55546289,0.01925437,-0.06169214,0.05685141
100.55646372,0.01826289,-0.06268281,0.05585956
100.55746455,0.01726419,-0.06368070,0.05486048
100.55846539,0.01627275,-0.06467134,0.05386867
100.55946622,0.01527409,-0.06566919,0.05286963
100.56046706,0.01428269,-0.06665979,0.05187786
100.56146789,0.01328407,-0.06765760,0.05087887
100.56246872,0.01229271,-0.06864816,0.04988713
100.56346956,0.01129413,-0.06964593,0.04888818
100.56447039,0.01029557,-0.07064369,0.04788924
100.56547123,0.00930427,-0.07163419,0.04689757
100.56647206,0.00830575,-0.07263190,0.04589867
100.56747289,0.00731449,-0.07362236,0.04490703
100.56847373,0.00631601,-0.07462003,0.04390818
100.56947456,0.00532478,-0.07561045,0.04291658
100.57047540,0.00432634,-0.07660808,0.04191777
100.57147623,0.00333516,-0.07759847,0.04092621
100.57247706,0.00233676,-0.07859606,0.03992743
100.57347790,0.00133838,-0.07959363,0.03892868
100.57447873,0.00034725,-0.08058395,0.03793718
100.57547957,-0.00065109,-0.08158149,0.03693847
100.57648040,-0.00164218,-0.08257177,0.03594701
100.57748123,-0.00264048,-0.08356926,0.03494833
100.57848207,-0.00363152,-0.08455951,0.03395691
100.57948290,-0.00462978,-0.08555696,0.03295828
100.58048374,-0.00562079,-0.08654717,0.03196690
100.58148457,-0.00661901,-0.08754458,0.03096830
100.58248540,-0.00761721,-0.08854197,0.02996972
100.58348624,-0.00860816,-0.08953212,0.02897840
100.58448707,-0.00960632,-0.09052947,0.02797986
100.58548791,-0.01059723,-0.09151958,0.02698858
100.58648874,-0.01159535,-0.09251690,0.02599009
100.58748957,-0.01258622,-0.09350696,0.02499884
100.58849041,-0.01358431,-0.09450424,0.02400039
100.58949124,-0.01457514,-0.09549426,0.02300918
100.59049208,-0.01557318,-0.09649150,0.02201077
100.59149291,-0.01657120,-0.09748871,0.02101237
100.59249374,-0.01756197,-0.09847868,0.02002123
100.59349458,-0.01855995,-0.09947586,0.01902287
100.59449541,-0.01955069,-0.10046579,0.01803176
100.59549625,-0.02054863,-0.10146292,0.01703345
100.59649708,-0.02153932,-0.10245281,0.01604238
100.59749791,-0.02253722,-0.10344991,0.01504410
100.59849875,-0.02352788,-0.10443976,0.01405308
100.59949958,-0.02452574,-0.10543682,0.01305484
100.60050042,-0.02551635,-0.10642663,0.01206385
100.60150125,-0.02651418,-0.10742364,0.01106566
100.60250209,-0.02751198,-0.10842064,0.01006748
100.60350292,-0.02850254,-0.10941039,0.00907655
100.60450375,-0.02950030,-0.11040735,0.00807841
100.60550459,-0.03049081,-0.11139706,0.00708752
100.60650542,-0.03148854,-0.11239398,0.00608942
100.60750626,-0.03247901,-0.11338365,0.00509858
100.60850709,-0.03347670,-0.11438053,0.00410052
100.60950792,-0.03446714,-0.11537017,0.00310971
100.61050876,-0.03546478,-0.11636700,0.00211169
100.61150959,-0.03646241,-0.11736382,0.00111369
100.61251043,-0.03745278,-0.11835340,0.00012294
100.61351126,0.19851440,0.11761459,0.23608975
100.61451209,0.19752171,0.11662271,0.23509669
100.61551293,0.19652180,0.11562361,0.23409640
100.61651376,0.19552916,0.11463176,0.23310339
100.61751460,0.19452929,0.11363270,0.23210314
100.61851543,0.19353668,0.11264089,0.23111016
100.61951626,0.19253685,0.11164187,0.23010995
100.62051710,0.19153704,0.11064287,0.22910977
100.62151793,0.19054449,0.10965112,0.22811685
100.62251877,0.18954472,0.10865216,0.22711670
100.62351960,0.18855221,0.10766045,0.22612382
100.62452043,0.18755248,0.10666153,0.22512372
100.62552127,0.18656001,0.10566986,0.22413088
100.62652210,0.18556032,0.10467097,0.22313081
100.62752294,0.18456789,0.10367935,0.22213801
100.62852377,0.18356824,0.10268050,0.22113798
100.62952460,0.18256861,0.10168168,0.22013798
100.63052544,0.18157624,0.10069011,0.21914523
100.63152627,0.18057665,0.09969132,0.21814527
100.63252711,0.17958432,0.09869980,0.21715257
100.63352794,0.17858477,0.09770105,0.21615264
100.63452877,0.17759248,0.09670956,0.21515998
100.63552961,0.17659296,0.09571086,0.21416009
100.63653044,0.17560071,0.09471941,0.21316747
100.63753128,0.17460124,0.09372074,0.21216762
100.63853211,0.17360179,0.09272209,0.21116779
100.63953294,0.17260959,0.09173070,0.21017523
100.64053378,0.17161018,0.09073210,0.20917544
100.64153461,0.17061803,0.08974075,0.20818291
100.64253545,0.16961865,0.08874218,0.20718316
100.64353628,0.16862654,0.08775087,0.20619068
100.64453711,0.16762721,0.08675234,0.20519097
100.64553795,0.16663513,0.08576107,0.20419853
100.64653878,0.16563584,0.08476258,0.20319886
100.64753962,0.16463657,0.08376411,0.20219921
100.64854045,0.16364455,0.08277290,0.20120682
100.64954128,0.16264532,0.08177447,0.20020721
100.65054212,0.16165334,0.08078330,0.19921487
100.65154295,0.16065415,0.07978491,0.19821530
100.65254379,0.15966221,0.07879378,0.19722299
100.65354462,0.15866306,0.07779543,0.19622346
100.65454545,0.15767116,0.07680433,0.19523119
100.65554629,0.15667205,0.07580602,0.19423170
100.65654712,0.15568019,0.07481497,0.19323947
100.65754796,0.15468112,0.07381670,0.19224002
100.65854879,0.15368206,0.07281845,0.19124059
100.65954962,0.15269026,0.07182745,0.19024842
100.66055046,0.15169125,0.07082924,0.18924903
100.66155129,0.15069949,0.06983829,0.18825690
100.66255213,0.14970051,0.06884012,0.18725755
100.66355296,0.14870879,0.06784920,0.18626546
100.66455379,0.14770986,0.06685107,0.18526615
100.66555463,0.14671818,0.06586019,0.18427410
100.66655546,0.14571928,0.06486210,0.18327483
100.66755630,0.14472040,0.06386403,0.18227558
100.66855713,0.14372879,0.06287321,0.18128359
100.66955796,0.14272995,0.06187518,0.18028437
100.67055880,0.14173837,0.06088440,0.17929242
100.67155963,0.14073957,0.05988641,0.17829325
100.67256047,0.13974803,0.05889567,0.17730134
100.67356130,0.13874927,0.05789772,0.17630221
100.67456214,0.13775777,0.05690702,0.17531033
100.67556297,0.13675905,0.05590911,0.17431124
100.67656380,0.13576035,0.05491121,0.17331217
100.67756464,0.13476891,0.05392057,0.17232035
100.67856547,0.13377025,0.05292272,0.17132132
100.67956631,0.13277885,0.05193212,0.17032955
100.68056714,0.13178023,0.05093431,0.16933055
100.68156797,0.13078887,0.04994374,0.16833882
100.68256881,0.12979029,0.04894597,0.16733986
100.68356964,0.12879897,0.04795545,0.16634817
100.68457048,0.12780043,0.04695771,0.16534925
100.68557131,0.12680191,0.04596000,0.16435036
100.68657214,0.12581064,0.04496954,0.16335872
100.68757298,0.12481216,0.04397186,0.16235987
100.68857381,0.12382094,0.04298144,0.16136827
100.68957465,0.12282250,0.04198380,0.16036946
100.69057548,0.12183131,0.04099342,0.15937790
100.69157631,0.12083291,0.03999582,0.15837912
100.69257715,0.11984176,0.03900548,0.15738761
100.69357798,0.11884340,0.03800792,0.15638887
100.69457882,0.11784506,0.03701039,0.15539016
100.69557965,0.11685397,0.03602010,0.15439870
100.69658048,0.11585567,0.03502261,0.15340002
100.69758132,0.11486463,0.03403236,0.15240860
100.69858215,0.11386636,0.03303490,0.15140997
100.69958299,0.11287536,0.03204469,0.15041859
100.70058382,0.11187713,0.03104728,0.14941999
100.70158465,0.11088616,0.03005711,0.14842865
100.70258549,0.10988798,0.02905973,0.14743009
100.70358632,0.10888982,0.02806238,0.14643156
100.70458716,0.10789891,0.02707227,0.14544027
100.70558799,0.10690079,0.02607495,0.14444178
100.70658882,0.10590992,0.02508488,0.14345053
100.70758966,0.10491183,0.02408760,0.14245208
100.70859049,0.10392100,0.02309757,0.14146087
100.70959133,0.10292296,0.02210033,0.14046246
100.71059216,0.10193217,0.02111034,0.13947129
100.71159299,0.10093416,0.02011314,0.13847292
100.71259383,0.09994341,0.01912319,0.13748179
100.71359466,0.09894545,0.01812603,0.13648345
100.71459550,0.09794750,0.01712889,0.13548513
100.71559633,0.09695681,0.01613900,0.13449407
100.71659716,0.09595890,0.01514190,0.13349579
100.71759800,0.09496825,0.01415205,0.13250477
100.71859883,0.09397039,0.01315499,0.13150653
100.71959967,0.09297977,0.01216517,0.13051554
100.72060050,0.09198195,0.01116815,0.12951734
100.72160133,0.09099137,0.01017838,0.12852639
100.72260217,0.08999358,0.00918140,0.12752823
100.72360300,0.08899582,0.00818444,0.12653009
100.72460384,0.08800530,0.00719472,0.12553921
100.72560467,0.08700758,0.00619780,0.12454111
100.72660550,0.08601710,0.00520812,0.12355026
100.72760634,0.08501941,0.00421124,0.12255220
100.72860717,0.08402898,0.00322160,0.12156139
100.72960801,0.08303133,0.00222476,0.12056337
100.73060884,0.08204093,0.00123516,0.11957260
100.73160967,0.08104332,0.00023836,0.11857462
100.73261051,0.08004574,-0.00075842,0.11757666
100.73361134,0.07905540,-0.00174796,0.11658595
100.73461218,0.07805785,-0.00274470,0.11558802
100.73561301,0.07706755,-0.00373420,0.11459735
100.73661384,0.07607004,-0.00473090,0.11359947
100.73761468,0.07507978,-0.00572036,0.11260884
100.73861551,0.07408231,-0.00671703,0.11161100
100.73961635,0.07309209,-0.00770645,0.11062040
100.74061718,0.07209466,-0.00870307,0.10962260
100.74161802,0.07109725,-0.00969968,0.10862482
100.74261885,0.07010709,-0.01068904,0.10763428
100.74361968,0.06910972,-0.01168560,0.10663654
100.74462052,0.06811960,-0.01267493,0.10564605
100.74562135,0.06712227,-0.01367145,0.10464834
100.74662219,0.06613219,-0.01466073,0.10365789
100.74762302,0.06513490,-0.01565722,0.10266023
100.74862385,0.06414485,-0.01664646,0.10166981
100.74962469,0.06314760,-0.01764291,0.10067219
100.75062552,0.06215037,-0.01863933,0.09967458
100.75162636,0.06116039,-0.01962852,0.09868422
100.75262719,0.06016320,-0.02062491,0.09768666
100.75362802,0.05917325,-0.02161405,0.09669634
100.75462886,0.05817610,-0.02261040,0.09569882
100.75562969,0.05718619,-0.02359951,0.09470854
100.75663053,0.05618908,-0.02459581,0.09371105
100.75763136,0.05519922,-0.02558488,0.09272082
100.75863219,0.05420214,-0.02658115,0.09172337
100.75963303,0.05320509,-0.02757739,0.09072594
100.76063386,0.05221528,-0.02856640,0.08973577
100.76163470,0.05121827,-0.02956261,0.08873838
100.76263553,0.05022850,-0.03055158,0.08774824
100.76363636,0.04923153,-0.03154775,0.08675089
100.76463720,0.04824180,-0.03253668,0.08576079
100.76563803,0.04724487,-0.03353281,0.08476348
100.76663887,0.04625518,-0.03452170,0.08377342
100.76763970,0.04525828,-0.03551779,0.08277616
100.76864053,0.04426863,-0.03650664,0.08178613
100.76964137,0.04327178,-0.03750269,0.08078891
100.77064220,0.04227494,-0.03849872,0.07979170
100.77164304,0.04128535,-0.03948751,0.07880173
100.77264387,0.04028856,-0.04048350,0.07780457
100.77364470,0.03929900,-0.04147225,0.07681464
100.77464554,0.03830225,-0.04246820,0.07581751
100.77564637,0.03731274,-0.04345692,0.07482763
100.77664721,0.03631602,-0.04445283,0.07383054
100.77764804,0.03532655,-0.04544150,0.07284069
100.77864887,0.03432987,-0.04643738,0.07184364
100.77964971,0.03333321,-0.04743323,0.07084661
100.78065054,0.03234380,-0.04842184,0.06985683
100.78165138,0.03134718,-0.04941765,0.06885984
100.78265221,0.03035781,-0.05040623,0.06787009
100.78365304,0.02936123,-0.05140200,0.06687314
100.78465388,0.02837189,-0.05239054,0.06588343
100.78565471,0.02737536,-0.05338627,0.06488652
100.78665555,0.02638606,-0.05437477,0.06389685
100.78765638,0.02538956,-0.05537047,0.06289998
100.78865721,0.02439308,-0.05636614,0.06190313
100.78965805,0.02340384,-0.05735458,0.06091352
100.79065888,0.02240741,-0.05835021,0.05991671
100.79165972,0.02141821,-0.05933861,0.05892714
100.79266055,0.02042181,-0.06033421,0.05793037
100.79366138,0.01943265,-0.06132257,0.05694084
100.79466222,0.01843629,-0.06231812,0.05594410
100.79566305,0.01744717,-0.06330644,0.05495461
100.79666389,0.01645085,-0.06430196,0.05395792
100.79766472,0.01545455,-0.06529746,0.05296125
100.79866555,0.01446549,-0.06628572,0.05197181
100.79966639,0.01346923,-0.06728117,0.05097518
100.80066722,0.01248021,-0.06826940,0.04998579
100.80166806,0.01148398,-0.06926481,0.04898919
100.80266889,0.01049500,-0.07025300,0.04799984
100.80366972,0.00949882,-0.07124838,0.04700328
100.80467056,0.00850988,-0.07223652,0.04601397
100.80567139,0.00751374,-0.07323186,0.04501745
100.80667223,0.00651761,-0.07422718,0.04402096
100.80767306,0.00552873,-0.07521526,0.04303170
100.80867389,0.00453265,-0.07621054,0.04203525
100.80967473,0.00354380,-0.07719859,0.04104603
100.81067556,0.00254776,-0.07819383,0.04004962
100.81167640,0.00155895,-0.07918183,0.03906044
100.81267723,0.00056295,-0.08017703,0.03806406
100.81367807,-0.00042582,-0.08116500,0.03707492
100.81467890,-0.00142178,-0.08216016,0.03607859
100.81567973,-0.00241772,-0.08315530,0.03508227
100.81668057,-0.00340643,-0.08414321,0.03409319
100.81768140,-0.00440234,-0.08513831,0.03309691
100.81868224,-0.00539101,-0.08612618,0.03210787
100.81968307,-0.00638687,-0.08712124,0.03111164
100.82068390,-0.00737550,-0.08810907,0.03012264
100.82168474,-0.00837132,-0.08910409,0.02912644
100.82268557,-0.00935991,-0.09009188,0.02813748
100.82368641,-0.01035570,-0.09108687,0.02714132
100.82468724,-0.01134425,-0.09207462,0.02615240
100.82568807,-0.01234000,-0.09306956,0.02515628
100.82668891,-0.01333572,-0.09406448,0.02416018
100.82768974,-0.01432422,-0.09505218,0.02317131
100.82869058,-0.01531990,-0.09604706,0.02217525
100.82969141,-0.01630836,-0.09703472,0.02118643
100.83069224,-0.01730400,-0.09802956,0.02019041
100.83169308,-0.01829242,-0.09901717,0.01920163
100.83269391,-0.01928802,-0.10001198,0.01820564
100.83369475,-0.02027640,-0.10099955,0.01721690
100.83469558,-0.02127197,-0.10199432,0.01622096
100.83569641,-0.02226752,-0.10298906,0.01522504
100.83669725,-0.02325583,-0.10397658,0.01423635
100.83769808,-0.02425134,-0.10497129,0.01324047
100.83869892,-0.02523962,-0.10595876,0.01225182
100.83969975,-0.02623509,-0.10695343,0.01125598
100.84070058,-0.02722332,-0.10794087,0.01026737
100.84170142,-0.02821875,-0.10893550,0.00927157
100.84270225,-0.02920695,-0.10992290,0.00828300
100.84370309,-0.03020234,-0.11091748,0.00728723
100.84470392,-0.03119771,-0.11191205,0.00629149
100.84570475,-0.03218585,-0.11289939,0.00530298
100.84670559,-0.03318118,-0.11389392,0.00430728
100.84770642,-0.03416928,-0.11488122,0.00331881
100.84870726,-0.03516457,-0.11587571,0.00232314
100.84970809,-0.03615263,-0.11686297,0.00133471
100.85070892,-0.03714789,-0.11785742,0.00033909
100.85170976,0.19826920,0.11756046,0.23575580
100.85271059,0.19727163,0.11656370,0.23475786
100.85371143,0.19627408,0.11556695,0.23375994
100.85471226,0.19528378,0.11457745,0.23276927
100.85571309,0.19428628,0.11358075,0.23177139
100.85671393,0.19329602,0.11259129,0.23078076
100.85771476,0.19229855,0.11159462,0.22978292
100.85871560,0.19130833,0.11060520,0.22879233
100.85971643,0.19031090,0.10960858,0.22779452
100.86071726,0.18932072,0.10861919,0.22680397
100.86171810,0.18832333,0.10762261,0.22580621
100.86271893,0.18732596,0.10662604,0.22480847
100.86371977,0.18633584,0.10563672,0.22381798
100.86472060,0.18533851,0.10464019,0.22282028
100.86572143,0.18434843,0.10365091,0.22182982
100.86672227,0.18335114,0.10265442,0.22083216
100.86772310,0.18236110,0.10166518,0.21984175
100.86872394,0.18136385,0.10066873,0.21884412
100.86972477,0.18037385,0.09967952,0.21785375
100.87072560,0.17937664,0.09868312,0.21685617
100.87172644,0.17837944,0.09768673,0.21585860
100.87272727,0.17738950,0.09669758,0.21486829
100.87372811,0.17639235,0.09570123,0.21387076
100.87472894,0.17540244,0.09471213,0.21288049
100.87572977,0.17440533,0.09371582,0.21188300
100.87673061,0.17341547,0.09272675,0.21089277
100.87773144,0.17241839,0.09173048,0.20989532
100.87873228,0.17142857,0.09074145,0.20890513
100.87973311,0.17043154,0.08974522,0.20790772
100.88073394,0.16944175,0.08875623,0.20691756
100.88173478,0.16844475,0.08776004,0.20592020
100.88273561,0.16744778,0.08676387,0.20492285
100.88373645,0.16645805,0.08577494,0.20393275
100.88473728,0.16546112,0.08477881,0.20293545
100.88573812,0.16447143,0.08378992,0.20194539
100.88673895,0.16347454,0.08279383,0.20094812
100.88773978,0.16248489,0.08180497,0.19995810
100.88874062,0.16148803,0.08080892,0.19896087
100.88974145,0.16049842,0.07982011,0.19797089
100.89074229,0.15950161,0.07882410,0.19697370
100.89174312,0.15850481,0.07782811,0.19597654
100.89274395,0.15751526,0.07683935,0.19498661
100.89374479,0.15651850,0.07584340,0.19398948
100.89474562,0.15552899,0.07485468,0.19299960
100.89574646,0.15453228,0.07385877,0.19200251
100.89674729,0.15354280,0.07287009,0.19101267
100.89774812,0.15254613,0.07187422,0.19001562
100.89874896,0.15155669,0.07088558,0.18902582
100.89974979,0.15056006,0.06988975,0.18802881
100.90075063,0.14956344,0.06889393,0.18703182
100.90175146,0.14857406,0.06790536,0.18604207
100.90275229,0.14757749,0.06690958,0.18504512
100.90375313,0.14658815,0.06592104,0.18405541
100.90475396,0.14559161,0.06492531,0.18305850
100.90575480,0.14460232,0.06393681,0.18206884
100.90675563,0.14360582,0.06294111,0.18107197
100.90775646,0.14261656,0.06195265,0.18008234
100.90875730,0.14162010,0.06095699,0.17908551
100.90975813,0.14062366,0.05996136,0.17808869
100.91075897,0.13963446,0.05897296,0.17709913
100.91175980,0.13863806,0.05797736,0.17610235
100.91276063,0.13764890,0.05698900,0.17511282
100.91376147,0.13665254,0.05599344,0.17411609
100.91476230,0.13566342,0.05500512,0.17312660
100.91576314,0.13466710,0.05400960,0.17212991
100.91676397,0.13367802,0.05302131,0.17114046
100.91776480,0.13268174,0.05202584,0.17014380
100.91876564,0.13168548,0.05103038,0.16914717
100.91976647,0.13069646,0.05004215,0.16815778
100.92076731,0.12970024,0.04904673,0.16716118
100.92176814,0.12871125,0.04805855,0.16617183
100.92276897,0.12771507,0.04706317,0.16517528
100.92376981,0.12672613,0.04607502,0.16418596
100.92477064,0.12572999,0.04507968,0.16318945
100.92577148,0.12474108,0.04409157,0.16220017
100.92677231,0.12374498,0.04309627,0.16120370
100.92777314,0.12274889,0.04210099,0.16020724
100.92877398,0.12176005,0.04111294,0.15921803
100.92977481,0.12076401,0.04011770,0.15822161
100.93077565,0.11977520,0.03912969,0.15723243
100.93177648,0.11877919,0.03813449,0.15623606
100.93277731,0.11779043,0.03714652,0.15524692
100.93377815,0.11679446,0.03615135,0.15425058
100.93477898,0.11580573,0.03516342,0.15326148
100.93577982,0.11480981,0.03416830,0.15226519
100.93678065,0.11382112,0.03318041,0.15127613
100.93778148,0.11282523,0.03218532,0.15027987
100.93878232,0.11182937,0.03119026,0.14928363
100.93978315,0.11084074,0.03020243,0.14829463
100.94078399,0.10984491,0.02920740,0.14729843
100.94178482,0.10885632,0.02821961,0.14630947
100.94278565,0.10786053,0.02722462,0.14531331
100.94378649,0.10687198,0.02623687,0.14432439
100.94478732,0.10587624,0.02524192,0.14332827
100.94578816,0.10488772,0.02425420,0.14233939
100.94678899,0.10389202,0.02325930,0.14134331
100.94778982,0.10289633,0.02226441,0.14034725
100.94879066,0.10190787,0.02127676,0.13935842
100.94979149,0.10091222,0.02028191,0.13836240
100.95079233,0.09992381,0.01929429,0.13737362
100.95179316,0.09892820,0.01829948,0.13637764
100.95279399,0.09793983,0.01731190,0.13538889
100.95379483,0.09694426,0.01631714,0.13439295
100.95479566,0.09595592,0.01532960,0.13340424
100.95579650,0.09496039,0.01433487,0.13240834
100.95679733,0.09396488,0.01334016,0.13141246
100.95779817,0.09297660,0.01235268,0.13042381
100.95879900,0.09198113,0.01135801,0.12942797
100.95979983,0.09099289,0.01037057,0.12843936
100.96080067,0.08999746,0.00937594,0.12744355
100.96180150,0.08900926,0.00838853,0.12645499
100.96280234,0.08801387,0.00739394,0.12545922
100.96380317,0.08702571,0.00640658,0.12447069
100.96480400,0.08603036,0.00541203,0.12347497
100.96580484,0.08503502,0.00441750,0.12247926
100.96680567,0.08404692,0.00343019,0.12149079
100.96780651,0.08305163,0.00243570,0.12049512
100.96880734,0.08206357,0.00144843,0.11950669
100.96980817,0.08106831,0.00045398,0.11851107
100.97080901,0.08008029,-0.00053324,0.11752267
100.97180984,0.07908508,-0.00152766,0.11652709
100.97281068,0.07809709,-0.00251484,0.11553873
100.97381151,0.07710192,-0.00350922,0.11454319
100.97481234,0.07610676,-0.00450357,0.11354766
100.97581318,0.07511884,-0.00549070,0.11255937
100.97681401,0.07412372,-0.00648502,0.11156388
100.97781485,0.07313584,-0.00747210,0.11057562
100.97881568,0.07214076,-0.00846638,0.10958017
100.97981651,0.07115291,-0.00945343,0.10859196
100.98081735,0.07015788,-0.01044767,0.10759655
100.98181818,0.06917007,-0.01143468,0.10660837
100.98281902,0.06817507,-0.01242887,0.10561300
100.98381985,0.06718010,-0.01342305,0.10461765
100.98482068,0.06619235,-0.01441000,0.10362953
100.98582152,0.06519741,-0.01540414,0.10263422
100.98682235,0.06420970,-0.01639105,0.10164614
100.98782319,0.06321480,-0.01738515,0.10065087
100.98882402,0.06222713,-0.01837203,0.09966283
100.98982485,0.06123227,-0.01936608,0.09866760
100.99082569,0.06024464,-0.02035292,0.09767960
100.99182652,0.05924982,-0.02134694,0.09668441
100.99282736,0.05825502,-0.02234094,0.09568924
100.99382819,0.05726745,-0.02332771,0.09470130
100.99482902,0.05627269,-0.02432167,0.09370616
100.99582986,0.05528515,-0.02530841,0.09271826
100.99683069,0.05429043,-0.02630233,0.09172317
100.99783153,0.05330294,-0.02728903,0.09073530
100.99883236,0.05230826,-0.02828291,0.08974025
100.99983319,0.05132080,-0.02926957,0.08875242
101.00083403,0.05032616,-0.03026341,0.08775741
101.00183486,0.04933874,-0.03125003,0.08676962
101.00283570,0.04834414,-0.03224383,0.08577465
101.00383653,0.04734956,-0.03323762,0.08477969
101.00483736,0.04636220,-0.03422418,0.08379197
101.00583820,0.04536765,-0.03521792,0.08279705
101.00683903,0.04438034,-0.03620444,0.08180936
101.00783987,0.04338583,-0.03719815,0.08081449
101.00884070,0.04239855,-0.03818463,0.07982684
101.00984153,0.04140409,-0.03917829,0.07883200
101.01084237,0.04041685,-0.04016474,0.07784439
101.01184320,0.03942242,-0.04115836,0.07684959
101.01284404,0.03842802,-0.04215197,0.07585482
101.01384487,0.03744084,-0.04313835,0.07486727
101.01484570,0.03644647,-0.04413192,0.07387253
101.01584654,0.03545933,-0.04511827,0.07288502
101.01684737,0.03446500,-0.04611179,0.07189032
101.01784821,0.03347790,-0.04709810,0.07090285
101.01884904,0.03248361,-0.04809159,0.06990819
101.01984987,0.03149655,-0.04907786,0.06892075
101.02085071,0.03050230,-0.05007130,0.06792613
101.02185154,0.02950807,-0.05106473,0.06693153
101.02285238,0.02852106,-0.05205094,0.06594416
101.02385321,0.02752687,-0.05304433,0.06494960
101.02485405,0.02653991,-0.05403050,0.06396226
101.02585488,0.02554576,-0.05502385,0.06296774
101.02685571,0.02455883,-0.05600998,0.06198044
101.02785655,0.02356472,-0.05700329,0.06098596
101.02885738,0.02257783,-0.05798938,0.05999870
101.02985822,0.02158376,-0.05898266,0.05900426
101.03085905,0.02058971,-0.05997591,0.05800984
101.03185988,0.01960288,-0.06096194,0.05702264
101.03286072,0.01860887,-0.06195515,0.05602825
101.03386155,0.01762208,-0.06294115,0.05504110
101.03486239,0.01662811,-0.06393432,0.05404675
101.03586322,0.01564136,-0.06492027,0.05305963
101.03686405,0.01464742,-0.06591341,0.05206533
101.03786489,0.01366071,-0.06689932,0.05107825
101.03886572,0.01266682,-0.06789242,0.05008398
101.03986656,0.01167294,-0.06888549,0.04908973
101.04086739,0.01068629,-0.06987135,0.04810271
101.04186822,0.00969246,-0.07086438,0.04710850
101.04286906,0.00870584,-0.07185020,0.04612152
101.04386989,0.00771205,-0.07284320,0.04512735
101.04487073,0.00672547,-0.07382898,0.04414041
101.04587156,0.00573172,-0.07482193,0.04314628
101.04687239,0.00474518,-0.07580767,0.04215938
101.04787323,0.00375146,-0.07680059,0.04116529
101.04887406,0.00275777,-0.07779349,0.04017122
101.04987490,0.00177129,-0.07877917,0.03918437
101.05087573,0.00077763,-0.07977203,0.03819035
101.05187656,-0.00020881,-0.08075767,0.03720354
101.05287740,-0.00120242,-0.08175049,0.03620955
101.05387823,-0.00218882,-0.08273609,0.03522278
101.05487907,-0.00318240,-0.08372887,0.03422883
101.05587990,-0.00416876,-0.08471444,0.03324210
101.05688073,-0.00516230,-0.08570718,0.03224819
101.05788157,-0.00614862,-0.08669270,0.03126150
101.05888240,-0.00714212,-0.08768540,0.03026763
101.05988324,-0.00813560,-0.08867808,0.02927377
101.06088407,-0.00912187,-0.08966355,0.02828714
101.06188490,-0.01011531,-0.09065619,0.02729333
101.06288574,-0.01110153,-0.09164162,0.02630674
101.06388657,-0.01209493,-0.09263422,0.02531297
101.06488741,-0.01308112,-0.09361961,0.02432641
101.06588824,-0.01407448,-0.09461217,0.02333268
101.06688907,-0.01506062,-0.09559752,0.02234616
101.06788991,-0.01605395,-0.09659005,0.02135247
101.06889074,-0.01704725,-0.09758255,0.02035879
101.06989158,-0.01803334,-0.09856784,0.01937234
101.07089241,-0.01902660,-0.09956031,0.01837870
101.07189324,-0.02001265,-0.10054556,0.01739229
101.07289408,-0.02100587,-0.10153799,0.01639869
101.07389491,-0.02199188,-0.10252320,0.01541231
101.07489575,-0.02298507,-0.10351559,0.01441876
101.07589658,-0.02397104,-0.10450076,0.01343242
101.07689741,-0.02496418,-0.10549311,0.01243890
101.07789825,-0.02595731,-0.10648543,0.01144540
101.07889908,-0.02694322,-0.10747055,0.01045912
101.07989992,-0.02793631,-0.10846284,0.00946566
101.08090075,-0.02892218,-0.10944791,0.00847942
101.08190158,-0.02991523,-0.11044016,0.00748600
101.08290242,-0.03090106,-0.11142520,0.00649980
101.08390325,-0.03189407,-0.11241741,0.00550642
101.08490409,-0.03287986,-0.11340241,0.00452026
101.08590492,-0.03387283,-0.11439458,0.00352692
101.08690575,-0.03486578,-0.11538673,0.00253360
101.08790659,-0.03585151,-0.11637167,0.00154750
101.08890742,-0.03684442,-0.11736378,0.00055421
101.08990826,0.19801793,0.11749937,0.23541620
101.09090909,0.19702272,0.11650496,0.23442062
101.09190992,0.19603474,0.11551777,0.23343227
101.09291076,0.19503956,0.11452340,0.23243672
101.09391159,0.19405162,0.11353625,0.23144841
101.09491243,0.19305649,0.11254191,0.23045290
101.09591326,0.19206137,0.11154760,0.22945742
101.09691410,0.19107349,0.11056051,0.22846917
101.09791493,0.19007841,0.10956623,0.22747372
101.09891576,0.18909057,0.10857918,0.22648550
101.09991660,0.18809553,0.10758494,0.22549010
101.10091743,0.18710772,0.10659793,0.22450192
101.10191827,0.18611273,0.10560373,0.22350655
101.10291910,0.18512496,0.10461676,0.22251842
101.10391993,0.18413000,0.10362260,0.22152309
101.10492077,0.18313507,0.10262846,0.22052778
101.10592160,0.18214736,0.10164155,0.21953970
101.10692244,0.18115246,0.10064745,0.21854443
101.10792327,0.18016479,0.09966058,0.21755640
101.10892410,0.17916993,0.09866652,0.21656117
101.10992494,0.17818230,0.09767968,0.21557317
101.11092577,0.17718748,0.09668566,0.21457798
101.11192661,0.17619989,0.09569886,0.21359002
101.11292744,0.17520511,0.09470488,0.21259486
101.11392827,0.17421756,0.09371812,0.21160694
101.11492911,0.17322282,0.09272418,0.21061183
101.11592994,0.17222810,0.09173026,0.20961674
101.11693078,0.17124060,0.09074356,0.20862888
101.11793161,0.17024592,0.08974968,0.20763382
101.11893244,0.16925847,0.08876302,0.20664600
101.11993328,0.16826382,0.08776917,0.20565099
101.12093411,0.16727641,0.08678255,0.20466320
101.12193495,0.16628181,0.08578875,0.20366823
101.12293578,0.16529443,0.08480217,0.20268049
101.12393661,0.16429987,0.08380840,0.20168555
101.12493745,0.16330532,0.08281466,0.20069064
101.12593828,0.16231800,0.08182813,0.19970295
101.12693912,0.16132350,0.08083443,0.19870807
101.12793995,0.16033622,0.07984794,0.19772043
101.12894078,0.15934176,0.07885428,0.19672559
101.12994162,0.15835452,0.07786783,0.19573798
101.13094245,0.15736009,0.07687420,0.19474319
101.13194329,0.15637289,0.07588780,0.19375562
101.13294412,0.15537850,0.07489421,0.19276086
101.13394495,0.15438414,0.07390064,0.19176612
101.13494579,0.15339700,0.07291429,0.19077861
101.13594662,0.15240267,0.07192077,0.18978391
101.13694746,0.15141557,0.07093446,0.18879644
101.13794829,0.15042128,0.06994097,0.18780178
101.13894912,0.14943422,0.06895470,0.18681435
101.13994996,0.14843997,0.06796125,0.18581973
101.14095079,0.14745294,0.06697502,0.18483234
101.14195163,0.14645873,0.06598161,0.18383776
101.14295246,0.14546454,0.06498821,0.18284320
101.14395329,0.14447758,0.06400204,0.18185586
101.14495413,0.14348343,0.06300869,0.18086134
101.14595496,0.14249650,0.06202256,0.17987405
101.14695580,0.14150239,0.06102924,0.17887957
101.14795663,0.14051550,0.06004315,0.17789231
101.14895746,0.13952143,0.05904988,0.17689787
101.14995830,0.13853458,0.05806382,0.17591065
101.15095913,0.13754055,0.05707059,0.17491625
101.15195997,0.13654654,0.05607737,0.17392186
101.15296080,0.13555975,0.05509138,0.17293470
101.15396163,0.13456577,0.05409820,0.17194036
101.15496247,0.13357902,0.05311225,0.17095324
101.15596330,0.13258509,0.05211911,0.16995894
101.15696414,0.13159838,0.05113319,0.16897186
101.15796497,0.13060448,0.05014010,0.16797759
101.15896580,0.12961781,0.04915422,0.16699055
101.15996664,0.12862395,0.04816116,0.16599632
101.16096747,0.12763012,0.04716812,0.16500212
101.16196831,0.12664350,0.04618230,0.16401513
101.16296914,0.12564971,0.04518930,0.16302097
101.16396997,0.12466313,0.04420352,0.16203402
101.16497081,0.12366938,0.04321056,0.16103990
101.16597164,0.12268284,0.04222482,0.16005299
101.16697248,0.12168912,0.04123190,0.15905890
101.16797331,0.12070263,0.04024620,0.15807204
101.16897415,0.11970895,0.03925332,0.15707799
101.16997498,0.11872249,0.03826765,0.15609116
101.17097581,0.11772885,0.03727481,0.15509715
101.17197665,0.11673523,0.03628199,0.15410316
101.17297748,0.11574883,0.03529638,0.15311639
101.17397832,0.11475525,0.03430360,0.15212244
101.17497915,0.11376889,0.03331803,0.15113571
101.17597998,0.11277535,0.03232529,0.15014180
101.17698082,0.11178903,0.03133976,0.14915511
101.17798165,0.11079553,0.03034706,0.14816124
101.17898249,0.10980924,0.02936157,0.14717459
101.17998332,0.10881578,0.02836890,0.14618076
101.18098415,0.10782234,0.02737626,0.14518694
101.18198499,0.10683612,0.02639083,0.14420035
101.18298582,0.10584271,0.02539822,0.14320658
101.18398666,0.10485653,0.02441283,0.14222003
101.18498749,0.10386316,0.02342027,0.14122629
101.18598832,0.10287702,0.02243491,0.14023978
101.18698916,0.10188369,0.02144239,0.13924608
101.18798999,0.10089759,0.02045707,0.13825961
101.18899083,0.09990430,0.01946459,0.13726595
101.18999166,0.09891104,0.01847212,0.13627232
101.19099249,0.09792499,0.01748686,0.13528590
101.19199333,0.09693176,0.01649443,0.13429230
101.19299416,0.09594575,0.01550922,0.13330592
101.19399500,0.09495257,0.01451683,0.13231237
101.19499583,0.09396660,0.01353165,0.13132603
101.19599666,0.09297345,0.01253930,0.13033251
101.19699750,0.09198752,0.01155416,0.12934621
101.19799833,0.09099441,0.01056185,0.12835273
101.19899917,0.09000132,0.00956956,0.12735927
101.20000000,0.08901545,0.00858448,0.12637303
