diameter_um,worst_percent,worst_um
40.00000000,0.29801414,0.11920565
40.07689066,0.29744236,0.11920565
40.15392912,0.29687170,0.11920565
40.23111567,0.29630212,0.11920565
40.30845060,0.29573364,0.11920565
40.38593418,0.29516626,0.11920565
40.46356670,0.29459995,0.11920565
40.54134846,0.29403475,0.11920565
40.61927973,0.29347061,0.11920565
40.69736081,0.29290758,0.11920566
40.77559198,0.29234562,0.11920566
40.85397354,0.29178471,0.11920565
40.93250576,0.29122489,0.11920565
41.01118894,0.29066616,0.11920565
41.09002338,0.29010849,0.11920565
41.16900935,0.28955191,0.11920565
41.24814715,0.28899639,0.11920566
41.32743708,0.28844193,0.11920566
41.40687943,0.28788853,0.11920566
41.48647448,0.28733619,0.11920565
41.56622254,0.28678491,0.11920565
41.64612390,0.28623469,0.11920566
41.72617885,0.28568551,0.11920565
41.80638768,0.28513742,0.11920566
41.88675070,0.28459036,0.11920566
41.96726819,0.28404434,0.11920565
42.04794046,0.28349938,0.11920565
42.12876781,0.28295545,0.11920565
42.20975052,0.28241259,0.11920565
42.29088891,0.28187076,0.11920565
42.37218327,0.28132997,0.11920565
42.45363390,0.28079022,0.11920565
42.53524109,0.28025150,0.11920565
42.61700516,0.27971382,0.11920565
42.69892640,0.27917715,0.11920565
42.78100511,0.27864154,0.11920565
42.86324160,0.27810695,0.11920565
42.94563617,0.27757336,0.11920565
43.02818913,0.27704082,0.11920565
43.11090077,0.27650931,0.11920565
43.19377141,0.27597881,0.11920566
43.27680135,0.27544930,0.11920565
43.35999089,0.27492083,0.11920565
43.44334035,0.27439339,0.11920566
43.52685003,0.27386695,0.11920566
43.61052023,0.27334149,0.11920565
43.69435127,0.27281707,0.11920565
43.77834345,0.27229366,0.11920566
43.86249710,0.27177125,0.11920566
43.94681250,0.27124982,0.11920565
44.03128999,0.27072941,0.11920565
44.11592986,0.27021000,0.11920566
44.20073243,0.26969157,0.11920565
44.28569801,0.26917415,0.11920565
44.37082693,0.26865772,0.11920565
44.45611948,0.26814228,0.11920565
44.54157598,0.26762783,0.11920565
44.62719676,0.26711437,0.11920566
44.71298212,0.26660188,0.11920565
44.79893239,0.26609038,0.11920565
44.88504788,0.26557987,0.11920565
44.97132890,0.26507033,0.11920565
45.05777577,0.26456178,0.11920565
45.14438882,0.26405420,0.11920565
45.23116837,0.26354758,0.11920565
45.31811473,0.26304194,0.11920565
45.40522822,0.26253728,0.11920565
45.49250916,0.26203358,0.11920565
45.57995789,0.26153086,0.11920566
45.66757471,0.26102909,0.11920565
45.75535996,0.26052827,0.11920565
45.84331395,0.26002844,0.11920565
45.93143702,0.25952956,0.11920565
46.01972948,0.25903162,0.11920565
46.10819166,0.25853465,0.11920565
46.19682389,0.25803864,0.11920565
46.28562649,0.25754357,0.11920565
46.37459980,0.25704944,0.11920565
46.46374414,0.25655627,0.11920565
46.55305984,0.25606405,0.11920565
46.64254722,0.25557277,0.11920565
46.73220662,0.25508244,0.11920565
46.82203838,0.25459304,0.11920565
46.91204281,0.25410459,0.11920565
47.00222026,0.25361706,0.11920565
47.09257105,0.25313049,0.11920565
47.18309552,0.25264482,0.11920565
47.27379400,0.25216010,0.11920565
47.36466683,0.25167633,0.11920566
47.45571434,0.25119347,0.11920566
47.54693687,0.25071154,0.11920566
47.63833475,0.25023051,0.11920565
47.72990832,0.24975044,0.11920565
47.82165792,0.24927127,0.11920565
47.91358389,0.24879301,0.11920565
48.00568656,0.24831568,0.11920565
48.09796629,0.24783928,0.11920565
48.19042339,0.24736377,0.11920565
48.28305823,0.24688919,0.11920565
48.37587113,0.24641552,0.11920565
48.46886244,0.24594276,0.11920566
48.56203251,0.24547088,0.11920565
48.65538168,0.24499994,0.11920566
48.74891029,0.24452989,0.11920566
48.84261868,0.24406073,0.11920565
48.93650721,0.24359247,0.11920565
49.03057621,0.24312513,0.11920565
49.12482605,0.24265868,0.11920565
49.21925705,0.24219312,0.11920565
49.31386958,0.24172845,0.11920565
49.40866397,0.24126468,0.11920565
49.50364059,0.24080179,0.11920565
49.59879978,0.24033980,0.11920565
49.69414189,0.23987867,0.11920565
49.78966727,0.23941845,0.11920565
49.88537628,0.23895911,0.11920565
49.98126926,0.23850064,0.11920565
50.07734658,0.23804307,0.11920565
50.17360858,0.23758635,0.11920565
50.27005563,0.23713053,0.11920565
50.36668807,0.23667558,0.11920565
50.46350626,0.23622150,0.11920565
50.56051057,0.23576830,0.11920565
50.65770134,0.23531595,0.11920565
50.75507894,0.23486448,0.11920565
50.85264373,0.23441388,0.11920565
50.95039606,0.23396414,0.11920565
51.04833630,0.23351525,0.11920565
51.14646480,0.23306724,0.11920565
51.24478193,0.23262008,0.11920565
51.34328806,0.23217377,0.11920565
51.44198354,0.23172833,0.11920565
51.54086874,0.23128375,0.11920565
51.63994402,0.23084000,0.11920565
51.73920975,0.23039712,0.11920565
51.83866630,0.22995509,0.11920565
51.93831403,0.22951390,0.11920565
52.03815331,0.22907356,0.11920565
52.13818450,0.22863407,0.11920565
52.23840799,0.22819542,0.11920565
52.33882413,0.22775761,0.11920566
52.43943329,0.22732063,0.11920565
52.54023585,0.22688450,0.11920565
52.64123219,0.22644920,0.11920565
52.74242266,0.22601474,0.11920565
52.84380765,0.22558112,0.11920565
52.94538753,0.22514833,0.11920565
53.04716267,0.22471636,0.11920565
53.14913345,0.22428521,0.11920565
53.25130025,0.22385491,0.11920565
53.35366344,0.22342543,0.11920565
53.45622340,0.22299677,0.11920565
53.55898050,0.22256894,0.11920566
53.66193513,0.22214192,0.11920565
53.76508767,0.22171572,0.11920565
53.86843849,0.22129034,0.11920565
53.97198799,0.22086578,0.11920565
54.07573653,0.22044203,0.11920565
54.17968450,0.22001910,0.11920565
54.28383229,0.21959697,0.11920565
54.38818028,0.21917566,0.11920565
54.49272886,0.21875516,0.11920565
54.59747840,0.21833545,0.11920565
54.70242930,0.21791656,0.11920565
54.80758195,0.21749847,0.11920565
54.91293672,0.21708118,0.11920565
55.01849402,0.21666470,0.11920566
55.12425422,0.21624900,0.11920565
55.23021773,0.21583411,0.11920565
55.33638492,0.21542002,0.11920565
55.44275620,0.21500672,0.11920565
55.54933195,0.21459421,0.11920565
55.65611257,0.21418249,0.11920565
55.76309844,0.21377157,0.11920565
55.87028998,0.21336144,0.11920565
55.97768756,0.21295208,0.11920565
56.08529159,0.21254351,0.11920565
56.19310247,0.21213574,0.11920565
56.30112058,0.21172874,0.11920565
56.40934634,0.21132252,0.11920565
56.51778013,0.21091708,0.11920565
56.62642236,0.21051243,0.11920566
56.73527344,0.21010854,0.11920565
56.84433375,0.20970543,0.11920566
56.95360371,0.20930309,0.11920565
57.06308371,0.20890152,0.11920565
57.17277416,0.20850074,0.11920566
57.28267546,0.20810070,0.11920565
57.39278803,0.20770145,0.11920565
57.50311226,0.20730296,0.11920565
57.61364856,0.20690523,0.11920565
57.72439735,0.20650826,0.11920565
57.83535902,0.20611207,0.11920565
57.94653399,0.20571662,0.11920565
58.05792267,0.20532194,0.11920565
58.16952547,0.20492802,0.11920565
58.28134279,0.20453483,0.11920565
58.39337506,0.20414242,0.11920565
58.50562269,0.20375076,0.11920565
58.61808609,0.20335985,0.11920565
58.73076567,0.20296969,0.11920565
58.84366185,0.20258027,0.11920565
58.95677504,0.20219161,0.11920565
59.07010567,0.20180369,0.11920565
59.18365416,0.20141651,0.11920565
59.29742091,0.20103008,0.11920565
59.41140635,0.20064439,0.11920565
59.52561091,0.20025944,0.11920565
59.64003499,0.19987522,0.11920565
59.75467903,0.19949175,0.11920565
59.86954344,0.19910900,0.11920565
59.98462866,0.19872700,0.11920565
60.09993510,0.19834573,0.11920565
60.21546319,0.19796519,0.11920566
60.33121335,0.19758537,0.11920565
60.44718602,0.19720629,0.11920565
60.56338162,0.19682793,0.11920565
60.67980057,0.19645030,0.11920565
60.79644332,0.19607340,0.11920565
60.91331028,0.19569722,0.11920565
61.03040189,0.19532176,0.11920565
61.14771859,0.38989405,0.23841132
61.26526080,0.38914600,0.23841131
61.38302895,0.38839939,0.23841131
61.50102349,0.38765422,0.23841131
61.61924484,0.38691044,0.23841129
61.73769345,0.38616814,0.23841130
61.85636975,0.38542723,0.23841130
61.97527417,0.38468777,0.23841130
62.09440716,0.38394974,0.23841131
62.21376916,0.38321310,0.23841131
62.33336060,0.38247785,0.23841130
62.45318193,0.38174404,0.23841130
62.57323358,0.38101163,0.23841130
62.69351601,0.38028065,0.23841131
62.81402965,0.37955106,0.23841132
62.93477496,0.37882282,0.23841129
63.05575236,0.37809602,0.23841129
63.17696232,0.37737062,0.23841129
63.29840527,0.37664660,0.23841129
63.42008168,0.37592398,0.23841129
63.54199197,0.37520275,0.23841130
63.66413661,0.37448291,0.23841131
63.78651604,0.37376442,0.23841130
63.90913072,0.37304733,0.23841130
64.03198110,0.37233163,0.23841132
64.15506763,0.37161727,0.23841131
64.27839077,0.37090427,0.23841130
64.40195096,0.37019266,0.23841130
64.52574867,0.36948244,0.23841131
64.64978435,0.36877354,0.23841130
64.77405846,0.36806602,0.23841130
64.89857146,0.36735985,0.23841130
65.02332381,0.36665504,0.23841129
65.14831596,0.36595161,0.23841131
65.27354839,0.36524950,0.23841131
65.39902154,0.36454873,0.23841131
65.52473588,0.36384932,0.23841131
65.65069188,0.36315126,0.23841131
65.77689001,0.36245451,0.23841130
65.90333072,0.36175910,0.23841130
66.03001448,0.36106505,0.23841131
66.15694176,0.36037231,0.23841130
66.28411303,0.35968092,0.23841131
66.41152876,0.35899084,0.23841130
66.53918941,0.35830207,0.23841129
66.66709546,0.35761465,0.23841130
66.79524738,0.35692854,0.23841130
66.92364565,0.35624374,0.23841130
67.05229072,0.35556025,0.23841129
67.18118309,0.35487811,0.23841132
67.31032323,0.35419725,0.23841131
67.43971160,0.35351769,0.23841131
67.56934870,0.35283941,0.23841129
67.69923499,0.35216248,0.23841130
67.82937096,0.35148682,0.23841130
67.95975708,0.35081247,0.23841130
68.09039384,0.35013943,0.23841132
68.22128172,0.34946762,0.23841129
68.35242121,0.34879717,0.23841131
68.48381277,0.34812795,0.23841129
68.61545691,0.34746004,0.23841129
68.74735410,0.34679344,0.23841131
68.87950483,0.34612808,0.23841130
69.01190959,0.34546399,0.23841129
69.14456887,0.34480121,0.23841131
69.27748316,0.34413966,0.23841130
69.41065294,0.34347943,0.23841132
69.54407871,0.34282043,0.23841131
69.67776096,0.34216268,0.23841129
69.81170018,0.34150623,0.23841130
69.94589687,0.34085102,0.23841130
70.08035152,0.34019708,0.23841131
70.21506463,0.33954438,0.23841130
70.35003669,0.33889295,0.23841131
70.48526821,0.33824276,0.23841132
70.62075967,0.33759381,0.23841131
70.75651159,0.33694609,0.23841130
70.89252446,0.33629965,0.23841131
71.02879878,0.33565441,0.23841130
71.16533506,0.33501045,0.23841131
71.30213379,0.33436769,0.23841129
71.43919549,0.33372620,0.23841131
71.57652066,0.33308591,0.23841131
71.71410981,0.33244686,0.23841131
71.85196343,0.33180902,0.23841129
71.99008205,0.33117241,0.23841129
72.12846617,0.33053705,0.23841130
72.26711630,0.32990288,0.23841130
72.40603296,0.32926996,0.23841131
72.54521664,0.32863820,0.23841129
72.68466788,0.32800768,0.23841130
72.82438718,0.32737837,0.23841129
72.96437505,0.32675030,0.23841131
73.10463203,0.32612339,0.23841131
73.24515861,0.32549769,0.23841130
73.38595532,0.32487320,0.23841130
73.52702268,0.32424991,0.23841130
73.66836121,0.32362782,0.23841131
73.80997143,0.32300691,0.23841131
73.95185386,0.32238720,0.23841131
74.09400903,0.32176867,0.23841130
74.23643745,0.32115133,0.23841131
74.37913967,0.32053518,0.23841131
74.52211619,0.31992019,0.23841130
74.66536756,0.31930641,0.23841130
74.80889429,0.31869380,0.23841131
74.95269691,0.31808236,0.23841131
75.09677597,0.31747210,0.23841131
75.24113198,0.31686301,0.23841131
75.38576549,0.31625506,0.23841130
75.53067701,0.31564831,0.23841131
75.67586710,0.31504271,0.23841130
75.82133628,0.31443828,0.23841131
75.96708509,0.31383499,0.23841130
76.11311407,0.31323288,0.23841130
76.25942376,0.31263193,0.23841131
76.40601469,0.31203211,0.23841130
76.55288741,0.31143345,0.23841130
76.70004245,0.31083593,0.23841129
76.84748037,0.31023959,0.23841131
76.99520171,0.30964436,0.23841130
77.14320700,0.30905028,0.23841129
77.29149680,0.30845736,0.23841131
77.44007165,0.30786556,0.23841131
77.58893210,0.30727488,0.23841129
77.73807870,0.30668536,0.23841131
77.88751200,0.30609696,0.23841131
78.03723256,0.30550967,0.23841129
78.18724091,0.30492353,0.23841129
78.33753762,0.30433853,0.23841131
78.48812324,0.30375461,0.23841129
78.63899833,0.30317184,0.23841130
78.79016343,0.30259018,0.23841129
78.94161912,0.30200963,0.23841129
79.09336595,0.30143023,0.23841131
79.24540447,0.30085191,0.23841131
79.39773525,0.30027468,0.23841130
79.55035886,0.29969859,0.23841130
79.70327584,0.29912359,0.23841130
79.85648678,0.29854970,0.23841130
80.00999222,0.29797690,0.23841129
80.16379275,0.29740521,0.23841130
80.31788892,0.29683461,0.23841129
80.47228130,0.29626513,0.23841131
80.62697047,0.29569673,0.23841131
80.78195699,0.29512939,0.23841130
80.93724143,0.29456316,0.23841130
81.09282438,0.29399802,0.23841130
81.24870639,0.29343397,0.23841131
81.40488805,0.29287098,0.23841130
81.56136994,0.29230910,0.23841131
81.71815262,0.29174829,0.23841131
81.87523669,0.29118853,0.23841130
82.03262271,0.29062986,0.23841130
82.19031127,0.29007228,0.23841131
82.34830295,0.28951573,0.23841129
82.50659833,0.28896027,0.23841129
82.66519799,0.28840590,0.23841131
82.82410253,0.28785256,0.23841130
82.98331252,0.28730029,0.23841130
83.14282856,0.28674910,0.23841131
83.30265123,0.28619894,0.23841131
83.46278112,0.28564985,0.23841131
83.62321883,0.28510179,0.23841130
83.78396493,0.28455482,0.23841131
83.94502004,0.28400886,0.23841130
84.10638473,0.28346399,0.23841131
84.26805962,0.28292013,0.23841130
84.43004528,0.28237733,0.23841130
84.59234232,0.28183556,0.23841130
84.75495135,0.28129483,0.23841130
84.91787295,0.28075514,0.23841129
85.08110772,0.28021651,0.23841131
85.24465628,0.27967889,0.23841131
85.40851923,0.27914231,0.23841131
85.57269716,0.27860674,0.23841130
85.73719068,0.27807221,0.23841130
85.90200041,0.27753871,0.23841130
86.06712694,0.27700623,0.23841130
86.23257089,0.27647478,0.23841131
86.39833287,0.27594434,0.23841131
86.56441349,0.27541492,0.23841131
86.73081335,0.27488651,0.23841131
86.89753309,0.27435912,0.23841130
87.06457330,0.27383273,0.23841130
87.23193461,0.27330736,0.23841130
87.39961763,0.27278300,0.23841130
87.56762298,0.27225966,0.23841131
87.73595129,0.27173731,0.23841131
87.90460316,0.27121594,0.23841130
88.07357923,0.27069559,0.23841129
88.24288012,0.27017625,0.23841131
88.41250645,0.26965790,0.23841131
88.58245884,0.26914054,0.23841131
88.75273793,0.26862418,0.23841131
88.92334434,0.26810880,0.23841131
89.09427870,0.26759441,0.23841131
89.26554165,0.26708099,0.23841130
89.43713380,0.26656859,0.23841130
89.60905580,0.26605715,0.23841130
89.78130828,0.26554670,0.23841130
89.95389188,0.26503722,0.23841130
90.12680723,0.26452874,0.23841130
90.30005497,0.26402122,0.23841130
90.47363573,0.26351467,0.23841130
90.64755017,0.26300911,0.23841131
90.82179891,0.26250449,0.23841130
90.99638261,0.26200085,0.23841130
91.17130190,0.26149820,0.23841131
91.34655744,0.26099649,0.23841131
91.52214986,0.26049575,0.23841131
91.69807982,0.25999596,0.23841131
91.87434796,0.25949714,0.23841131
92.05095494,0.25899927,0.23841130
92.22790140,0.25850237,0.23841131
92.40518800,0.25800641,0.23841131
92.58281540,0.25751140,0.23841131
92.76078424,0.25701735,0.23841131
92.93909518,0.25652423,0.23841130
93.11774888,0.25603207,0.23841130
93.29674601,0.25554086,0.23841131
93.47608721,0.25505057,0.23841130
93.65577316,0.25456125,0.23841131
93.83580451,0.25407285,0.23841130
94.01618193,0.25358538,0.23841130
94.19690608,0.25309887,0.23841131
94.37797764,0.25261329,0.23841131
94.55939726,0.25212861,0.23841130
94.74116561,0.25164488,0.23841130
94.92328338,0.25116209,0.23841130
95.10575122,0.25068021,0.23841130
95.28856981,0.25019927,0.23841131
95.47173984,0.24971924,0.23841130
95.65526196,0.24924014,0.23841130
95.83913686,0.24876194,0.23841130
96.02336522,0.24828467,0.23841130
96.20794771,0.24780832,0.23841130
96.39288502,0.24733289,0.23841131
96.57817783,0.24685835,0.23841130
96.76382682,0.24638474,0.23841130
96.94983268,0.24591202,0.23841129
97.13619609,0.24544023,0.23841131
97.32291774,0.24496933,0.23841130
97.50999832,0.24449934,0.23841131
97.69743852,0.24403024,0.23841130
97.88523903,0.24356206,0.23841130
98.07340054,0.24309476,0.23841129
98.26192375,0.24262837,0.23841130
98.45080935,0.24216287,0.23841131
98.64005803,0.24169827,0.23841131
98.82967051,0.24123455,0.23841131
99.01964747,0.24077171,0.23841130
99.20998961,0.24030978,0.23841131
99.40069765,0.23984872,0.23841130
99.59177228,0.23938855,0.23841130
99.78321420,0.23892926,0.23841130
99.97502412,0.23847086,0.23841130
100.16720276,0.23801333,0.23841129
100.35975081,0.23755669,0.23841131
100.55266899,0.23710091,0.23841130
100.74595802,0.23664602,0.23841130
100.93961859,0.23619199,0.23841130
101.13365143,0.23573885,0.23841131
101.32805726,0.23528657,0.23841131
101.52283678,0.23483515,0.23841131
101.71799073,0.23438460,0.23841131
101.91351981,0.23393490,0.23841129
102.10942475,0.23348610,0.23841131
102.30570627,0.23303813,0.23841131
102.50236510,0.23259102,0.23841130
102.69940196,0.23214479,0.23841131
102.89681757,0.23169939,0.23841130
103.09461267,0.23125486,0.23841130
103.29278799,0.23081118,0.23841130
103.49134425,0.23036835,0.23841130
103.69028219,0.22992637,0.23841130
103.88960254,0.22948524,0.23841131
104.08930603,0.22904496,0.23841131
104.28939342,0.22860551,0.23841130
104.48986542,0.22816691,0.23841130
104.69072278,0.22772917,0.23841131
104.89196624,0.22729224,0.23841130
105.09359655,0.22685616,0.23841130
105.29561445,0.22642092,0.23841130
105.49802067,0.22598651,0.23841130
105.70081598,0.22555294,0.23841130
105.90400111,0.22512021,0.23841130
106.10757682,0.22468830,0.23841131
106.31154386,0.22425722,0.23841131
106.51590297,0.22382696,0.23841131
106.72065492,0.22339753,0.23841131
106.92580045,0.22296892,0.23841130
107.13134033,0.22254114,0.23841131
107.33727531,0.22211417,0.23841130
107.54360616,0.22168803,0.23841130
107.75033362,0.22126271,0.23841130
107.95745847,0.22083820,0.23841130
108.16498147,0.22041450,0.23841130
108.37290339,0.21999162,0.23841131
108.58122499,0.21956955,0.23841130
108.78994703,0.21914829,0.23841131
108.99907030,0.21872783,0.23841131
109.20859555,0.21830819,0.23841130
109.41852357,0.21788935,0.23841131
109.62885513,0.21747131,0.23841131
109.83959100,0.21705408,0.23841131
110.05073196,0.21663764,0.23841131
110.26227879,0.21622200,0.23841131
110.47423227,0.21580716,0.23841130
110.68659318,0.21539311,0.23841130
110.89936231,0.21497987,0.23841131
111.11254043,0.21456742,0.23841131
111.32612834,0.21415574,0.23841130
111.54012682,0.21374488,0.23841131
111.75453666,0.21333478,0.23841130
111.96935866,0.21292549,0.23841131
112.18459360,0.21251698,0.23841131
112.40024228,0.21210924,0.23841130
112.61630550,0.21170230,0.23841131
112.83278404,0.21129612,0.23841130
113.04967872,0.21089073,0.23841130
113.26699032,0.21048612,0.23841130
113.48471966,0.21008230,0.23841130
113.70286753,0.20967924,0.23841130
113.92143474,0.20927695,0.23841130
114.14042209,0.20887544,0.23841131
114.35983039,0.20847470,0.23841131
114.57966046,0.20807471,0.23841130
114.79991310,0.20767551,0.23841130
115.02058912,0.20727707,0.23841131
115.24168934,0.20687939,0.23841131
115.46321457,0.20648248,0.23841131
115.68516563,0.20608632,0.23841130
115.90754335,0.20569094,0.23841131
116.13034853,0.20529629,0.23841130
116.35358200,0.20490241,0.23841130
116.57724459,0.20450930,0.23841131
116.80133712,0.20411692,0.23841130
117.02586041,0.20372531,0.23841130
117.25081529,0.20333446,0.23841131
117.47620260,0.20294434,0.23841131
117.70202317,0.20255497,0.23841130
117.92827782,0.20216636,0.23841130
118.15496739,0.20177849,0.23841130
118.38209272,0.20139136,0.23841130
118.60965464,0.20100497,0.23841130
118.83765400,0.20061933,0.23841130
119.06609164,0.20023442,0.23841130
119.29496839,0.19985025,0.23841130
119.52428511,0.19946683,0.23841130
119.75404263,0.19908414,0.23841131
119.98424181,0.19870217,0.23841130
120.21488349,0.19832095,0.23841130
120.44596853,0.19794046,0.23841130
120.67749777,0.19756069,0.23841130
120.90947208,0.19718166,0.23841131
121.14189230,0.19680335,0.23841130
121.37475930,0.19642577,0.23841130
121.60807393,0.19604891,0.23841131
121.84183705,0.19567277,0.23841130
122.07604952,0.39059473,0.47682262
122.31071222,0.38984534,0.47682261
122.54582600,0.38909739,0.47682261
122.78139173,0.38835087,0.47682261
123.01741028,0.38760579,0.47682261
123.25388252,0.38686215,0.47682262
123.49080932,0.38611990,0.47682259
123.72819156,0.38537909,0.47682258
123.96603011,0.38463972,0.47682259
124.20432585,0.38390178,0.47682262
124.44307966,0.38316524,0.47682262
124.68229242,0.38243009,0.47682260
124.92196501,0.38169637,0.47682261
125.16209831,0.38096405,0.47682260
125.40269321,0.38023317,0.47682263
125.64375060,0.37950363,0.47682260
125.88527137,0.37877553,0.47682261
126.12725640,0.37804882,0.47682261
126.36970660,0.37732351,0.47682261
126.61262284,0.37659959,0.47682262
126.85600604,0.37587706,0.47682263
127.09985709,0.37515588,0.47682259
127.34417688,0.37443614,0.47682262
127.58896632,0.37371774,0.47682261
127.83422630,0.37300074,0.47682261
128.07995775,0.37228509,0.47682259
128.32616156,0.37157083,0.47682259
128.57283863,0.37085797,0.47682262
128.81998989,0.37014645,0.47682262
129.06761623,0.36943629,0.47682261
129.31571858,0.36872747,0.47682258
129.56429785,0.36802005,0.47682259
129.81335495,0.36731398,0.47682260
130.06289081,0.36660926,0.47682260
130.31290634,0.36590588,0.47682259
130.56340247,0.36520386,0.47682259
130.81438011,0.36450319,0.47682259
131.06584021,0.36380387,0.47682260
131.31778368,0.36310590,0.47682263
131.57021145,0.36240925,0.47682261
131.82312445,0.36171394,0.47682261
132.07652362,0.36101994,0.47682258
132.33040989,0.36032729,0.47682258
132.58478420,0.35963599,0.47682261
132.83964748,0.35894601,0.47682261
133.09500068,0.35825733,0.47682260
133.35084473,0.35757000,0.47682262
133.60718059,0.35688395,0.47682258
133.86400919,0.35619924,0.47682259
134.12133148,0.35551585,0.47682259
134.37914842,0.35483377,0.47682259
134.63746095,0.35415299,0.47682260
134.89627002,0.35347353,0.47682261
135.15557660,0.35279534,0.47682258
135.41538163,0.35211850,0.47682261
135.67568607,0.35144294,0.47682261
135.93649089,0.35076864,0.47682258
136.19779705,0.35009569,0.47682262
136.45960550,0.34942398,0.47682259
136.72191723,0.34875358,0.47682259
136.98473318,0.34808449,0.47682262
137.24805434,0.34741668,0.47682263
137.51188167,0.34675010,0.47682258
137.77621614,0.34608486,0.47682263
138.04105874,0.34542087,0.47682262
138.30641044,0.34475814,0.47682261
138.57227221,0.34409669,0.47682261
138.83864504,0.34343652,0.47682261
139.10552991,0.34277761,0.47682262
139.37292780,0.34211995,0.47682259
139.64083971,0.34146359,0.47682263
139.90926661,0.34080844,0.47682259
140.17820950,0.34015459,0.47682262
140.44766937,0.33950198,0.47682262
140.71764721,0.33885061,0.47682261
140.98814402,0.33820052,0.47682263
141.25916080,0.33755162,0.47682259
141.53069855,0.33690400,0.47682258
141.80275826,0.33625765,0.47682262
142.07534095,0.33561250,0.47682261
142.34844761,0.33496860,0.47682260
142.62207925,0.33432593,0.47682259
142.89623689,0.33368450,0.47682259
143.17092154,0.33304430,0.47682260
143.44613419,0.33240535,0.47682262
143.72187589,0.33176760,0.47682261
143.99814763,0.33113108,0.47682262
144.27495043,0.33049577,0.47682261
144.55228533,0.32986170,0.47682263
144.83015334,0.32922883,0.47682262
145.10855549,0.32859717,0.47682261
145.38749279,0.32796674,0.47682263
145.66696629,0.32733749,0.47682259
145.94697702,0.32670947,0.47682260
146.22752599,0.32608266,0.47682261
146.50861426,0.32545705,0.47682262
146.79024286,0.32483262,0.47682259
147.07241281,0.32420942,0.47682262
147.35512518,0.32358739,0.47682261
147.63838099,0.32296657,0.47682262
147.92218130,0.32234692,0.47682260
148.20652715,0.32172848,0.47682261
148.49141958,0.32111121,0.47682259
148.77685966,0.32049514,0.47682260
149.06284842,0.31988024,0.47682260
149.34938693,0.31926652,0.47682259
149.63647625,0.31865400,0.47682262
149.92411743,0.31804263,0.47682260
150.21231153,0.31743245,0.47682263
150.50105962,0.31682342,0.47682261
150.79036276,0.31621557,0.47682260
151.08022201,0.31560888,0.47682260
151.37063845,0.31500337,0.47682261
151.66161315,0.31439900,0.47682259
151.95314718,0.31379580,0.47682260
152.24524162,0.31319378,0.47682262
152.53789754,0.31259286,0.47682258
152.83111602,0.31199316,0.47682262
153.12489815,0.31139456,0.47682260
153.41924501,0.31079713,0.47682262
153.71415767,0.31020085,0.47682263
154.00963724,0.30960568,0.47682259
154.30568480,0.30901169,0.47682260
154.60230144,0.30841884,0.47682262
154.89948826,0.30782710,0.47682260
155.19724635,0.30723650,0.47682259
155.49557681,0.30664705,0.47682259
155.79448074,0.30605873,0.47682261
156.09395924,0.30547154,0.47682262
156.39401343,0.30488545,0.47682260
156.69464439,0.30430051,0.47682260
156.99585325,0.30371669,0.47682260
157.29764111,0.30313397,0.47682259
157.60000909,0.30255240,0.47682261
157.90295830,0.30197192,0.47682259
158.20648986,0.30139258,0.47682262
158.51060489,0.30081432,0.47682260
158.81530450,0.30023718,0.47682259
159.12058984,0.29966115,0.47682259
159.42646201,0.29908624,0.47682261
159.73292215,0.29851241,0.47682260
160.03997139,0.29793970,0.47682261
160.34761085,0.29736807,0.47682260
160.65584169,0.29679756,0.47682262
160.96466502,0.29622811,0.47682259
161.27408200,0.29565977,0.47682259
161.58409375,0.29509255,0.47682262
161.89470144,0.29452639,0.47682261
162.20590619,0.29396131,0.47682261
162.51770916,0.29339732,0.47682260
162.83011150,0.29283442,0.47682261
163.14311436,0.29227260,0.47682263
163.45671890,0.29171185,0.47682261
163.77092626,0.29115218,0.47682262
164.08573762,0.29059357,0.47682261
164.40115413,0.29003605,0.47682262
164.71717695,0.28947959,0.47682262
165.03380726,0.28892420,0.47682260
165.35104621,0.28836989,0.47682262
165.66889498,0.28781661,0.47682260
165.98735474,0.28726442,0.47682261
166.30642666,0.28671327,0.47682259
166.62611192,0.28616320,0.47682262
166.94641171,0.28561417,0.47682261
167.26732720,0.28506620,0.47682261
167.58885957,0.28451927,0.47682260
167.91101001,0.28397340,0.47682260
168.23377971,0.28342858,0.47682262
168.55716986,0.28288478,0.47682259
168.88118165,0.28234207,0.47682262
169.20581628,0.28180037,0.47682261
169.53107495,0.28125970,0.47682260
169.85695885,0.28072010,0.47682262
170.18346918,0.28018150,0.47682260
170.51060715,0.27964395,0.47682259
170.83837397,0.27910743,0.47682259
171.16677085,0.27857195,0.47682260
171.49579899,0.27803747,0.47682259
171.82545961,0.27750404,0.47682259
172.15575393,0.27697164,0.47682262
172.48668316,0.27644023,0.47682259
172.81824852,0.27590986,0.47682259
173.15045124,0.27538053,0.47682262
173.48329255,0.27485218,0.47682261
173.81677366,0.27432485,0.47682260
174.15089581,0.27379855,0.47682262
174.48566024,0.27327324,0.47682262
174.82106817,0.27274895,0.47682262
175.15712084,0.27222564,0.47682259
175.49381950,0.27170337,0.47682262
175.83116538,0.27118207,0.47682259
176.16915973,0.27066180,0.47682262
176.50780380,0.27014251,0.47682260
176.84709883,0.26962422,0.47682261
177.18704607,0.26910692,0.47682261
177.52764679,0.26859062,0.47682261
177.86890223,0.26807530,0.47682260
178.21081365,0.26756098,0.47682260
178.55338232,0.26704765,0.47682261
178.89660950,0.26653530,0.47682262
179.24049645,0.26602393,0.47682261
179.58504444,0.26551354,0.47682262
179.93025475,0.26500413,0.47682260
180.27612864,0.26449570,0.47682262
180.62266739,0.26398825,0.47682261
180.96987229,0.26348176,0.47682260
181.31774460,0.26297624,0.47682259
181.66628562,0.26247171,0.47682261
182.01549662,0.26196813,0.47682259
182.36537891,0.26146554,0.47682262
182.71593376,0.26096390,0.47682262
183.06716247,0.26046320,0.47682259
183.41906633,0.25996350,0.47682262
183.77164665,0.25946474,0.47682262
184.12490472,0.25896693,0.47682261
184.47884185,0.25847009,0.47682262
184.83345934,0.25797417,0.47682259
185.18875849,0.25747923,0.47682259
185.54474063,0.25698525,0.47682262
185.90140706,0.25649221,0.47682262
186.25875910,0.25600011,0.47682262
186.61679806,0.25550894,0.47682260
186.97552527,0.25501873,0.47682262
187.33494205,0.25452946,0.47682261
187.69504973,0.25404111,0.47682259
188.05584963,0.25355371,0.47682259
188.41734308,0.25306726,0.47682261
188.77953141,0.25258172,0.47682259
189.14241597,0.25209713,0.47682260
189.50599809,0.25161346,0.47682261
189.87027912,0.25113073,0.47682261
190.23526039,0.25064890,0.47682259
190.60094324,0.25016802,0.47682261
190.96732904,0.24968805,0.47682260
191.33441913,0.24920901,0.47682261
191.70221487,0.24873088,0.47682260
192.07071760,0.24825367,0.47682261
192.43992870,0.24777738,0.47682261
192.80984952,0.24730200,0.47682261
193.18048143,0.24682752,0.47682259
193.55182578,0.24635397,0.47682261
193.92388397,0.24588132,0.47682260
194.29665734,0.24540957,0.47682259
194.67014729,0.24493873,0.47682259
195.04435518,0.24446881,0.47682261
195.41928240,0.24399977,0.47682260
195.79493033,0.24353164,0.47682261
196.17130036,0.24306441,0.47682261
196.54839387,0.24259806,0.47682260
196.92621225,0.24213263,0.47682262
197.30475690,0.24166807,0.47682259
197.68402922,0.24120442,0.47682261
198.06403060,0.24074164,0.47682259
198.44476244,0.24027977,0.47682261
198.82622615,0.23981877,0.47682261
199.20842313,0.23935865,0.47682259
199.59135480,0.23889944,0.47682262
199.97502256,0.23844108,0.47682260
200.35942784,0.23798361,0.47682261
200.74457205,0.23752702,0.47682260
201.13045660,0.23707130,0.47682260
201.51708293,0.23661648,0.47682262
201.90445246,0.23616251,0.47682262
202.29256662,0.23570941,0.47682262
202.68142683,0.23525717,0.47682259
203.07103454,0.23480582,0.47682261
203.46139117,0.23435533,0.47682262
203.85249818,0.23390570,0.47682261
204.24435700,0.23345694,0.47682262
204.63696908,0.23300903,0.47682262
205.03033586,0.23256199,0.47682262
205.42445879,0.23211580,0.47682262
205.81933934,0.23167046,0.47682262
206.21497895,0.23122599,0.47682262
206.61137908,0.23078235,0.47682260
207.00854121,0.23033957,0.47682259
207.40646678,0.22989765,0.47682260
207.80515727,0.22945657,0.47682260
208.20461416,0.22901635,0.47682261
208.60483890,0.22857697,0.47682262
209.00583298,0.22813843,0.47682262
209.40759789,0.22770071,0.47682259
209.81013509,0.22726385,0.47682260
210.21344607,0.22682783,0.47682261
210.61753232,0.22639264,0.47682259
211.02239534,0.22595829,0.47682259
211.42803661,0.22552478,0.47682261
211.83445763,0.22509209,0.47682261
212.24165991,0.22466023,0.47682260
212.64964493,0.22422921,0.47682262
213.05841421,0.22379900,0.47682260
213.46796925,0.22336963,0.47682261
213.87831156,0.22294107,0.47682260
214.28944267,0.22251335,0.47682262
214.70136407,0.22208644,0.47682262
215.11407730,0.22166034,0.47682260
215.52758388,0.22123507,0.47682260
215.94188532,0.22081062,0.47682262
216.35698316,0.22038697,0.47682260
216.77287893,0.21996414,0.47682260
217.18957417,0.21954212,0.47682260
217.60707040,0.21912092,0.47682261
218.02536917,0.21870052,0.47682262
218.44447202,0.21828092,0.47682260
218.86438050,0.21786213,0.47682260
219.28509616,0.21744415,0.47682261
219.70662054,0.21702696,0.47682261
220.12895521,0.21661057,0.47682259
220.55210171,0.21619500,0.47682261
220.97606162,0.21578021,0.47682262
221.40083649,0.21536621,0.47682259
221.82642789,0.21495302,0.47682261
222.25283739,0.21454061,0.47682260
222.68006656,0.21412900,0.47682260
223.10811698,0.21371818,0.47682261
223.53699023,0.21330814,0.47682261
223.96668789,0.21289889,0.47682259
224.39721154,0.21249043,0.47682260
224.82856277,0.21208276,0.47682261
225.26074318,0.21167586,0.47682262
225.69375435,0.21126974,0.47682260
226.12759788,0.21086440,0.47682261
226.56227537,0.21045984,0.47682261
226.99778843,0.21005606,0.47682261
227.43413867,0.20965305,0.47682261
227.87132768,0.20925082,0.47682262
228.30935709,0.20884934,0.47682259
228.74822851,0.20844865,0.47682259
229.18794355,0.20804872,0.47682259
229.62850385,0.20764957,0.47682260
230.06991102,0.20725118,0.47682260
230.51216669,0.20685356,0.47682262
230.95527249,0.20645669,0.47682262
231.39923007,0.20606058,0.47682261
231.84404104,0.20566524,0.47682261
232.28970707,0.20527066,0.47682261
232.73622978,0.20487683,0.47682260
233.18361082,0.20448375,0.47682260
233.63185186,0.20409143,0.47682259
234.08095453,0.20369987,0.47682260
234.53092049,0.20330906,0.47682261
234.98175141,0.20291899,0.47682261
235.43344895,0.20252968,0.47682262
235.88601477,0.20214110,0.47682259
236.33945054,0.20175329,0.47682262
236.79375794,0.20136621,0.47682261
237.24893864,0.20097987,0.47682260
237.70499431,0.20059427,0.47682260
238.16192665,0.20020942,0.47682261
238.61973733,0.19982531,0.47682262
239.07842805,0.19944193,0.47682262
239.53800049,0.19905928,0.47682261
239.99845635,0.19867737,0.47682262
240.45979733,0.19829619,0.47682262
240.92202513,0.19791573,0.47682259
241.38514146,0.19753602,0.47682260
241.84914802,0.19715703,0.47682260
242.31404652,0.19677878,0.47682262
242.77983868,0.19640124,0.47682262
243.24652622,0.19602443,0.47682261
243.71411086,0.19564834,0.47682261
244.18259432,0.39054594,0.95364522
244.65197833,0.38979665,0.95364521
245.12226462,0.38904879,0.95364520
245.59345493,0.38830237,0.95364520
246.06555098,0.38755738,0.95364521
246.53855454,0.38681384,0.95364524
247.01246733,0.38607168,0.95364518
247.48729111,0.38533096,0.95364516
247.96302763,0.38459168,0.95364519
248.43967864,0.38385384,0.95364525
248.91724590,0.38311739,0.95364526
249.39573117,0.38238234,0.95364522
249.87513621,0.38164871,0.95364525
250.35546281,0.38091649,0.95364523
250.83671271,0.38018565,0.95364519
251.31888771,0.37945625,0.95364524
251.80198958,0.37872825,0.95364527
252.28602009,0.37800159,0.95364517
252.77098105,0.37727637,0.95364519
253.25687422,0.37655255,0.95364521
253.74370142,0.37583011,0.95364523
254.23146442,0.37510903,0.95364517
254.72016504,0.37438938,0.95364524
255.20980506,0.37367108,0.95364523
255.70038631,0.37295417,0.95364525
256.19191058,0.37223861,0.95364521
256.68437970,0.37152445,0.95364523
257.17779547,0.37081163,0.95364519
257.67215972,0.37010021,0.95364521
258.16747427,0.36939014,0.95364520
258.66374094,0.36868146,0.95364526
259.16096157,0.36797409,0.95364519
259.65913800,0.36726811,0.95364522
260.15827205,0.36656349,0.95364523
260.65836556,0.36586021,0.95364524
261.15942040,0.36515828,0.95364525
261.66143839,0.36445766,0.95364517
262.16442139,0.36375844,0.95364521
262.66837126,0.36306052,0.95364516
263.17328986,0.36236400,0.95364525
263.67917905,0.36166874,0.95364517
264.18604069,0.36097488,0.95364524
264.69387665,0.36028232,0.95364525
265.20268881,0.35959108,0.95364521
265.71247904,0.35890119,0.95364524
266.22324923,0.35821260,0.95364523
266.73500125,0.35752533,0.95364520
267.24773699,0.35683941,0.95364525
267.76145835,0.35615476,0.95364518
268.27616722,0.35547146,0.95364520
268.79186550,0.35478947,0.95364523
269.30855508,0.35410879,0.95364526
269.82623788,0.35342938,0.95364521
270.34491581,0.35275129,0.95364517
270.86459077,0.35207454,0.95364526
271.38526468,0.35139903,0.95364518
271.90693947,0.35072486,0.95364524
272.42961706,0.35005197,0.95364525
272.95329938,0.34938036,0.95364521
273.47798835,0.34871005,0.95364523
274.00368591,0.34804101,0.95364521
274.53039400,0.34737325,0.95364516
275.05811457,0.34670680,0.95364520
275.58684955,0.34604163,0.95364522
276.11660091,0.34537772,0.95364523
276.64737059,0.34471509,0.95364524
277.17916055,0.34405374,0.95364526
277.71197275,0.34339362,0.95364519
278.24580916,0.34273481,0.95364523
278.78067174,0.34207723,0.95364521
279.31656247,0.34142093,0.95364521
279.85348333,0.34076591,0.95364526
280.39143629,0.34011212,0.95364525
280.93042335,0.33945957,0.95364520
281.47044647,0.33880829,0.95364520
282.01150767,0.33815825,0.95364518
282.55360893,0.33750948,0.95364522
283.09675225,0.33686195,0.95364525
283.64093964,0.33621566,0.95364526
284.18617311,0.33557057,0.95364517
284.73245465,0.33492676,0.95364518
285.27978630,0.33428418,0.95364519
285.82817006,0.33364284,0.95364523
286.37760796,0.33300271,0.95364518
286.92810203,0.33236381,0.95364517
287.47965430,0.33172615,0.95364518
288.03226679,0.33108973,0.95364524
288.58594155,0.33045451,0.95364526
289.14068063,0.32982050,0.95364523
289.69648606,0.32918772,0.95364526
290.25335989,0.32855612,0.95364517
290.81130419,0.32792578,0.95364524
291.37032100,0.32729662,0.95364521
291.93041240,0.32666866,0.95364517
292.49158044,0.32604194,0.95364523
293.05382719,0.32541639,0.95364520
293.61715473,0.32479205,0.95364518
294.18156513,0.32416891,0.95364518
294.74706049,0.32354698,0.95364520
295.31364287,0.32292621,0.95364517
295.88131438,0.32230666,0.95364517
296.45007711,0.32168830,0.95364522
297.01993314,0.32107112,0.95364523
297.59088460,0.32045511,0.95364521
298.16293357,0.31984031,0.95364525
298.73608218,0.31922665,0.95364518
299.31033252,0.31861419,0.95364519
299.88568674,0.31800290,0.95364519
300.46214693,0.31739279,0.95364519
301.03971524,0.31678385,0.95364520
301.61839378,0.31617608,0.95364522
302.19818470,0.31556946,0.95364517
302.77909013,0.31496404,0.95364524
303.36111222,0.31435976,0.95364525
303.94425311,0.31375662,0.95364521
304.52851495,0.31315466,0.95364522
305.11389990,0.31255383,0.95364519
305.70041011,0.31195418,0.95364522
306.28804775,0.31135568,0.95364523
306.87681499,0.31075831,0.95364522
307.46671400,0.31016209,0.95364520
308.05774695,0.30956702,0.95364518
308.64991602,0.30897311,0.95364525
309.24322340,0.30838032,0.95364523
309.83767127,0.30778867,0.95364524
310.43326183,0.30719813,0.95364518
311.02999728,0.30660877,0.95364524
311.62787981,0.30602052,0.95364525
312.22691163,0.30543338,0.95364521
312.82709494,0.30484739,0.95364522
313.42843197,0.30426251,0.95364521
314.03092493,0.30367877,0.95364525
314.63457605,0.30309612,0.95364519
315.23938754,0.30251461,0.95364520
315.84536164,0.30193421,0.95364521
316.45250058,0.30135493,0.95364522
317.06080660,0.30077677,0.95364524
317.67028196,0.30019969,0.95364519
318.28092888,0.29962375,0.95364525
318.89274963,0.29904890,0.95364525
319.50574647,0.29847513,0.95364520
320.11992164,0.29790248,0.95364519
320.73527743,0.29733095,0.95364523
321.35181609,0.29676050,0.95364524
321.96953991,0.29619113,0.95364523
322.58845115,0.29562286,0.95364519
323.20855211,0.29505569,0.95364524
323.82984507,0.29448959,0.95364519
324.45233232,0.29392460,0.95364523
325.07601615,0.29336068,0.95364520
325.70089887,0.29279784,0.95364518
326.32698278,0.29223608,0.95364519
326.95427019,0.29167542,0.95364523
327.58276342,0.29111581,0.95364522
328.21246477,0.29055729,0.95364525
328.84337658,0.28999983,0.95364524
329.47550117,0.28944344,0.95364521
330.10884088,0.28888813,0.95364525
330.74339803,0.28833385,0.95364518
331.37917497,0.28778066,0.95364519
332.01617404,0.28722854,0.95364520
332.65439759,0.28667747,0.95364522
333.29384798,0.28612747,0.95364525
333.93452756,0.28557850,0.95364521
334.57643870,0.28503059,0.95364520
335.21958376,0.28448375,0.95364523
335.86396512,0.28393794,0.95364521
336.50958516,0.28339319,0.95364524
337.15644624,0.28284947,0.95364524
337.80455077,0.28230680,0.95364521
338.45390112,0.28176518,0.95364525
339.10449970,0.28122458,0.95364520
339.75634891,0.28068504,0.95364523
340.40945114,0.28014651,0.95364519
341.06380880,0.27960904,0.95364523
341.71942432,0.27907258,0.95364521
342.37630011,0.27853716,0.95364522
343.03443858,0.27800275,0.95364518
343.69384218,0.27746940,0.95364525
344.35451332,0.27693704,0.95364521
345.01645445,0.27640572,0.95364522
345.67966800,0.27587541,0.95364521
346.34415643,0.27534612,0.95364518
347.00992218,0.27481785,0.95364522
347.67696772,0.27429058,0.95364518
348.34529549,0.27376435,0.95364523
349.01490796,0.27323910,0.95364521
349.68580761,0.27271487,0.95364520
350.35799691,0.27219165,0.95364522
351.03147833,0.27166942,0.95364519
351.70625437,0.27114821,0.95364520
352.38232750,0.27062798,0.95364518
353.05970023,0.27010877,0.95364521
353.73837504,0.26959055,0.95364521
354.41835445,0.26907331,0.95364521
355.09964097,0.26855707,0.95364519
355.78223709,0.26804182,0.95364518
356.46614535,0.26752758,0.95364525
357.15136826,0.26701429,0.95364518
357.83790836,0.26650201,0.95364521
358.52576816,0.26599069,0.95364518
359.21495022,0.26548037,0.95364519
359.90545707,0.26497104,0.95364524
360.59729125,0.26446266,0.95364518
361.29045533,0.26395526,0.95364518
361.98495185,0.26344886,0.95364523
362.68078338,0.26294340,0.95364520
363.37795248,0.26243894,0.95364524
364.07646173,0.26193542,0.95364521
364.77631370,0.26143287,0.95364519
365.47751097,0.26093129,0.95364519
366.18005613,0.26043068,0.95364521
366.88395176,0.25993102,0.95364518
367.58920048,0.25943232,0.95364519
368.29580486,0.25893459,0.95364525
369.00376753,0.25843780,0.95364521
369.71309110,0.25794197,0.95364522
370.42377817,0.25744709,0.95364522
371.13583137,0.25695315,0.95364522
371.84925333,0.25646017,0.95364522
372.56404667,0.25596813,0.95364523
373.28021404,0.25547704,0.95364525
373.99775807,0.25498688,0.95364522
374.71668142,0.25449767,0.95364522
375.43698672,0.25400939,0.95364519
376.15867665,0.25352205,0.95364519
376.88175385,0.25303566,0.95364525
377.60622100,0.25255018,0.95364521
378.33208077,0.25206565,0.95364524
379.05933584,0.25158203,0.95364518
379.78798889,0.25109936,0.95364521
380.51804260,0.25061761,0.95364524
381.24949966,0.25013678,0.95364522
381.98236279,0.24965687,0.95364522
382.71663467,0.24917789,0.95364524
383.45231801,0.24869982,0.95364524
384.18941554,0.24822266,0.95364520
384.92792997,0.24774643,0.95364521
385.66786401,0.24727111,0.95364521
386.40922041,0.24679670,0.95364519
387.15200189,0.24632321,0.95364525
387.89621119,0.24585062,0.95364524
388.64185107,0.24537894,0.95364524
389.38892426,0.24490814,0.95364518
390.13743353,0.24443828,0.95364522
390.88738163,0.24396930,0.95364522
391.63877133,0.24350122,0.95364519
392.39160540,0.24303405,0.95364521
393.14588662,0.24256777,0.95364520
393.90161776,0.24210238,0.95364518
394.65880163,0.24163790,0.95364522
395.41744100,0.24117429,0.95364520
396.17753869,0.24071157,0.95364518
396.93909748,0.24024975,0.95364518
397.70212019,0.23978881,0.95364520
398.46660963,0.23932877,0.95364524
399.23256863,0.23886959,0.95364519
400.00000000,0.23841131,0.95364524
