true_state,decoded_state
10,10
10.00016694,10
10.00033389,10
10.00050083,10
10.00066778,10
10.00083472,10
10.00100167,10
10.00116861,10
10.00133556,10
10.0015025,10
10.00166945,10
10.00183639,10
10.00200334,10
10.00217028,10
10.00233723,10
10.00250417,10
10.00267112,10
10.00283806,10
10.00300501,10
10.00317195,10
10.0033389,10
10.00350584,10
10.00367279,10
10.00383973,10
10.00400668,10
10.00417362,10
10.00434057,10.00843639
10.00450751,10.00843639
10.00467446,10.00843639
10.0048414,10.00843639
10.00500835,10.00843639
10.00517529,10.00843639
10.00534224,10.00843639
10.00550918,10.00843639
10.00567613,10.00843639
10.00584307,10.00843639
10.00601002,10.00843639
10.00617696,10.00843639
10.00634391,10.00843639
10.00651085,10.00843639
10.0066778,10.00843639
10.00684474,10.00843639
10.00701169,10.00843639
10.00717863,10.00843639
10.00734558,10.00843639
10.00751252,10.00843639
10.00767947,10.00843639
10.00784641,10.00843639
10.00801336,10.00843639
10.0081803,10.00843639
10.00834725,10.00843639
10.00851419,10.00843639
10.00868114,10.00843639
10.00884808,10.00843639
10.00901503,10.00843639
10.00918197,10.00843639
10.00934891,10.00843639
10.00951586,10.00843639
10.0096828,10.00843639
10.00984975,10.00843639
10.01001669,10.00843639
10.01018364,10.00843639
10.01035058,10.00843639
10.01051753,10.00843639
10.01068447,10.00843639
10.01085142,10.00843639
10.01101836,10.00843639
10.01118531,10.00843639
10.01135225,10.00843639
10.0115192,10.00843639
10.01168614,10.00843639
10.01185309,10.00843639
10.01202003,10.00843639
10.01218698,10.00843639
10.01235392,10.00843639
10.01252087,10.00843639
10.01268781,10.0168799
10.01285476,10.0168799
10.0130217,10.0168799
10.01318865,10.0168799
10.01335559,10.0168799
10.01352254,10.0168799
10.01368948,10.0168799
10.01385643,10.0168799
10.01402337,10.0168799
10.01419032,10.0168799
10.01435726,10.0168799
10.01452421,10.0168799
10.01469115,10.0168799
10.0148581,10.0168799
10.01502504,10.0168799
10.01519199,10.0168799
10.01535893,10.0168799
10.01552588,10.0168799
10.01569282,10.0168799
10.01585977,10.0168799
10.01602671,10.0168799
10.01619366,10.0168799
10.0163606,10.0168799
10.01652755,10.0168799
10.01669449,10.0168799
10.01686144,10.0168799
10.01702838,10.0168799
10.01719533,10.0168799
10.01736227,10.0168799
10.01752922,10.0168799
10.01769616,10.0168799
10.01786311,10.0168799
10.01803005,10.0168799
10.01819699,10.0168799
10.01836394,10.0168799
10.01853088,10.0168799
10.01869783,10.0168799
10.01886477,10.0168799
10.01903172,10.0168799
10.01919866,10.0168799
10.01936561,10.0168799
10.01953255,10.0168799
10.0196995,10.0168799
10.01986644,10.0168799
10.02003339,10.0168799
10.02020033,10.0168799
10.02036728,10.0168799
10.02053422,10.0168799
10.02070117,10.0168799
10.02086811,10.0168799
10.02103506,10.0168799
10.021202,10.02533053
10.02136895,10.02533053
10.02153589,10.02533053
10.02170284,10.02533053
10.02186978,10.02533053
10.02203673,10.02533053
10.02220367,10.02533053
10.02237062,10.02533053
10.02253756,10.02533053
10.02270451,10.02533053
10.02287145,10.02533053
10.0230384,10.02533053
10.02320534,10.02533053
10.02337229,10.02533053
10.02353923,10.02533053
10.02370618,10.02533053
10.02387312,10.02533053
10.02404007,10.02533053
10.02420701,10.02533053
10.02437396,10.02533053
10.0245409,10.02533053
10.02470785,10.02533053
10.02487479,10.02533053
10.02504174,10.02533053
10.02520868,10.02533053
10.02537563,10.02533053
10.02554257,10.02533053
10.02570952,10.02533053
10.02587646,10.02533053
10.02604341,10.02533053
10.02621035,10.02533053
10.0263773,10.02533053
10.02654424,10.02533053
10.02671119,10.02533053
10.02687813,10.02533053
10.02704508,10.02533053
10.02721202,10.02533053
10.02737896,10.02533053
10.02754591,10.02533053
10.02771285,10.02533053
10.0278798,10.02533053
10.02804674,10.02533053
10.02821369,10.02533053
10.02838063,10.02533053
10.02854758,10.02533053
10.02871452,10.02533053
10.02888147,10.02533053
10.02904841,10.02533053
10.02921536,10.02533053
10.0293823,10.02533053
10.02954925,10.02533053
10.02971619,10.03378829
10.02988314,10.03378829
10.03005008,10.03378829
10.03021703,10.03378829
10.03038397,10.03378829
10.03055092,10.03378829
10.03071786,10.03378829
10.03088481,10.03378829
10.03105175,10.03378829
10.0312187,10.03378829
10.03138564,10.03378829
10.03155259,10.03378829
10.03171953,10.03378829
10.03188648,10.03378829
10.03205342,10.03378829
10.03222037,10.03378829
10.03238731,10.03378829
10.03255426,10.03378829
10.0327212,10.03378829
10.03288815,10.03378829
10.03305509,10.03378829
10.03322204,10.03378829
10.03338898,10.03378829
10.03355593,10.03378829
10.03372287,10.03378829
10.03388982,10.03378829
10.03405676,10.03378829
10.03422371,10.03378829
10.03439065,10.03378829
10.0345576,10.03378829
10.03472454,10.03378829
10.03489149,10.03378829
10.03505843,10.03378829
10.03522538,10.03378829
10.03539232,10.03378829
10.03555927,10.03378829
10.03572621,10.03378829
10.03589316,10.03378829
10.0360601,10.03378829
10.03622705,10.03378829
10.03639399,10.03378829
10.03656093,10.03378829
10.03672788,10.03378829
10.03689482,10.03378829
10.03706177,10.03378829
10.03722871,10.03378829
10.03739566,10.03378829
10.0375626,10.03378829
10.03772955,10.03378829
10.03789649,10.03378829
10.03806344,10.04225318
10.03823038,10.04225318
10.03839733,10.04225318
10.03856427,10.04225318
10.03873122,10.04225318
10.03889816,10.04225318
10.03906511,10.04225318
10.03923205,10.04225318
10.039399,10.04225318
10.03956594,10.04225318
10.03973289,10.04225318
10.03989983,10.04225318
10.04006678,10.04225318
10.04023372,10.04225318
10.04040067,10.04225318
10.04056761,10.04225318
10.04073456,10.04225318
10.0409015,10.04225318
10.04106845,10.04225318
10.04123539,10.04225318
10.04140234,10.04225318
10.04156928,10.04225318
10.04173623,10.04225318
10.04190317,10.04225318
10.04207012,10.04225318
10.04223706,10.04225318
10.04240401,10.04225318
10.04257095,10.04225318
10.0427379,10.04225318
10.04290484,10.04225318
10.04307179,10.04225318
10.04323873,10.04225318
10.04340568,10.04225318
10.04357262,10.04225318
10.04373957,10.04225318
10.04390651,10.04225318
10.04407346,10.04225318
10.0442404,10.04225318
10.04440735,10.04225318
10.04457429,10.04225318
10.04474124,10.04225318
10.04490818,10.04225318
10.04507513,10.04225318
10.04524207,10.04225318
10.04540902,10.04225318
10.04557596,10.04225318
10.0457429,10.04225318
10.04590985,10.04225318
10.04607679,10.04225318
10.04624374,10.04225318
10.04641068,10.04225318
10.04657763,10.05072522
10.04674457,10.05072522
10.04691152,10.05072522
10.04707846,10.05072522
10.04724541,10.05072522
10.04741235,10.05072522
10.0475793,10.05072522
10.04774624,10.05072522
10.04791319,10.05072522
10.04808013,10.05072522
10.04824708,10.05072522
10.04841402,10.05072522
10.04858097,10.05072522
10.04874791,10.05072522
10.04891486,10.05072522
10.0490818,10.05072522
10.04924875,10.05072522
10.04941569,10.05072522
10.04958264,10.05072522
10.04974958,10.05072522
10.04991653,10.05072522
10.05008347,10.05072522
10.05025042,10.05072522
10.05041736,10.05072522
10.05058431,10.05072522
10.05075125,10.05072522
10.0509182,10.05072522
10.05108514,10.05072522
10.05125209,10.05072522
10.05141903,10.05072522
10.05158598,10.05072522
10.05175292,10.05072522
10.05191987,10.05072522
10.05208681,10.05072522
10.05225376,10.05072522
10.0524207,10.05072522
10.05258765,10.05072522
10.05275459,10.05072522
10.05292154,10.05072522
10.05308848,10.05072522
10.05325543,10.05072522
10.05342237,10.05072522
10.05358932,10.05072522
10.05375626,10.05072522
10.05392321,10.05072522
10.05409015,10.05072522
10.0542571,10.05072522
10.05442404,10.05072522
10.05459098,10.05072522
10.05475793,10.05072522
10.05492487,10.05072522
10.05509182,10.0592044
10.05525876,10.0592044
10.05542571,10.0592044
10.05559265,10.0592044
10.0557596,10.0592044
10.05592654,10.0592044
10.05609349,10.0592044
10.05626043,10.0592044
10.05642738,10.0592044
10.05659432,10.0592044
10.05676127,10.0592044
10.05692821,10.0592044
10.05709516,10.0592044
10.0572621,10.0592044
10.05742905,10.0592044
10.05759599,10.0592044
10.05776294,10.0592044
10.05792988,10.0592044
10.05809683,10.0592044
10.05826377,10.0592044
10.05843072,10.0592044
10.05859766,10.0592044
10.05876461,10.0592044
10.05893155,10.0592044
10.0590985,10.0592044
10.05926544,10.0592044
10.05943239,10.0592044
10.05959933,10.0592044
10.05976628,10.0592044
10.05993322,10.0592044
10.06010017,10.0592044
10.06026711,10.0592044
10.06043406,10.0592044
10.060601,10.0592044
10.06076795,10.0592044
10.06093489,10.0592044
10.06110184,10.0592044
10.06126878,10.0592044
10.06143573,10.0592044
10.06160267,10.0592044
10.06176962,10.0592044
10.06193656,10.0592044
10.06210351,10.0592044
10.06227045,10.0592044
10.0624374,10.0592044
10.06260434,10.0592044
10.06277129,10.0592044
10.06293823,10.0592044
10.06310518,10.0592044
10.06327212,10.0592044
10.06343907,10.0592044
10.06360601,10.06769074
10.06377295,10.06769074
10.0639399,10.06769074
10.06410684,10.06769074
10.06427379,10.06769074
10.06444073,10.06769074
10.06460768,10.06769074
10.06477462,10.06769074
10.06494157,10.06769074
10.06510851,10.06769074
10.06527546,10.06769074
10.0654424,10.06769074
10.06560935,10.06769074
10.06577629,10.06769074
10.06594324,10.06769074
10.06611018,10.06769074
10.06627713,10.06769074
10.06644407,10.06769074
10.06661102,10.06769074
10.06677796,10.06769074
10.06694491,10.06769074
10.06711185,10.06769074
10.0672788,10.06769074
10.06744574,10.06769074
10.06761269,10.06769074
10.06777963,10.06769074
10.06794658,10.06769074
10.06811352,10.06769074
10.06828047,10.06769074
10.06844741,10.06769074
10.06861436,10.06769074
10.0687813,10.06769074
10.06894825,10.06769074
10.06911519,10.06769074
10.06928214,10.06769074
10.06944908,10.06769074
10.06961603,10.06769074
10.06978297,10.06769074
10.06994992,10.06769074
10.07011686,10.06769074
10.07028381,10.06769074
10.07045075,10.06769074
10.0706177,10.06769074
10.07078464,10.06769074
10.07095159,10.06769074
10.07111853,10.06769074
10.07128548,10.06769074
10.07145242,10.06769074
10.07161937,10.06769074
10.07178631,10.06769074
10.07195326,10.07618423
10.0721202,10.07618423
10.07228715,10.07618423
10.07245409,10.07618423
10.07262104,10.07618423
10.07278798,10.07618423
10.07295492,10.07618423
10.07312187,10.07618423
10.07328881,10.07618423
10.07345576,10.07618423
10.0736227,10.07618423
10.07378965,10.07618423
10.07395659,10.07618423
10.07412354,10.07618423
10.07429048,10.07618423
10.07445743,10.07618423
10.07462437,10.07618423
10.07479132,10.07618423
10.07495826,10.07618423
10.07512521,10.07618423
10.07529215,10.07618423
10.0754591,10.07618423
10.07562604,10.07618423
10.07579299,10.07618423
10.07595993,10.07618423
10.07612688,10.07618423
10.07629382,10.07618423
10.07646077,10.07618423
10.07662771,10.07618423
10.07679466,10.07618423
10.0769616,10.07618423
10.07712855,10.07618423
10.07729549,10.07618423
10.07746244,10.07618423
10.07762938,10.07618423
10.07779633,10.07618423
10.07796327,10.07618423
10.07813022,10.07618423
10.07829716,10.07618423
10.07846411,10.07618423
10.07863105,10.07618423
10.078798,10.07618423
10.07896494,10.07618423
10.07913189,10.07618423
10.07929883,10.07618423
10.07946578,10.07618423
10.07963272,10.07618423
10.07979967,10.07618423
10.07996661,10.07618423
10.08013356,10.07618423
10.0803005,10.07618423
10.08046745,10.0846849
10.08063439,10.0846849
10.08080134,10.0846849
10.08096828,10.0846849
10.08113523,10.0846849
10.08130217,10.0846849
10.08146912,10.0846849
10.08163606,10.0846849
10.08180301,10.0846849
10.08196995,10.0846849
10.08213689,10.0846849
10.08230384,10.0846849
10.08247078,10.0846849
10.08263773,10.0846849
10.08280467,10.0846849
10.08297162,10.0846849
10.08313856,10.0846849
10.08330551,10.0846849
10.08347245,10.0846849
10.0836394,10.0846849
10.08380634,10.0846849
10.08397329,10.0846849
10.08414023,10.0846849
10.08430718,10.0846849
10.08447412,10.0846849
10.08464107,10.0846849
10.08480801,10.0846849
10.08497496,10.0846849
10.0851419,10.0846849
10.08530885,10.0846849
10.08547579,10.0846849
10.08564274,10.0846849
10.08580968,10.0846849
10.08597663,10.0846849
10.08614357,10.0846849
10.08631052,10.0846849
10.08647746,10.0846849
10.08664441,10.0846849
10.08681135,10.0846849
10.0869783,10.0846849
10.08714524,10.0846849
10.08731219,10.0846849
10.08747913,10.0846849
10.08764608,10.0846849
10.08781302,10.0846849
10.08797997,10.0846849
10.08814691,10.0846849
10.08831386,10.0846849
10.0884808,10.0846849
10.08864775,10.0846849
10.08881469,10.0846849
10.08898164,10.09319273
10.08914858,10.09319273
10.08931553,10.09319273
10.08948247,10.09319273
10.08964942,10.09319273
10.08981636,10.09319273
10.08998331,10.09319273
10.09015025,10.09319273
10.0903172,10.09319273
10.09048414,10.09319273
10.09065109,10.09319273
10.09081803,10.09319273
10.09098497,10.09319273
10.09115192,10.09319273
10.09131886,10.09319273
10.09148581,10.09319273
10.09165275,10.09319273
10.0918197,10.09319273
10.09198664,10.09319273
10.09215359,10.09319273
10.09232053,10.09319273
10.09248748,10.09319273
10.09265442,10.09319273
10.09282137,10.09319273
10.09298831,10.09319273
10.09315526,10.09319273
10.0933222,10.09319273
10.09348915,10.09319273
10.09365609,10.09319273
10.09382304,10.09319273
10.09398998,10.09319273
10.09415693,10.09319273
10.09432387,10.09319273
10.09449082,10.09319273
10.09465776,10.09319273
10.09482471,10.09319273
10.09499165,10.09319273
10.0951586,10.09319273
10.09532554,10.09319273
10.09549249,10.09319273
10.09565943,10.09319273
10.09582638,10.09319273
10.09599332,10.09319273
10.09616027,10.09319273
10.09632721,10.09319273
10.09649416,10.09319273
10.0966611,10.09319273
10.09682805,10.09319273
10.09699499,10.09319273
10.09716194,10.09319273
10.09732888,10.09319273
10.09749583,10.10170774
10.09766277,10.10170774
10.09782972,10.10170774
10.09799666,10.10170774
10.09816361,10.10170774
10.09833055,10.10170774
10.0984975,10.10170774
10.09866444,10.10170774
10.09883139,10.10170774
10.09899833,10.10170774
10.09916528,10.10170774
10.09933222,10.10170774
10.09949917,10.10170774
10.09966611,10.10170774
10.09983306,10.10170774
10.1,10.10170774
